﻿<includes>
	<include name="view_IconSquare">
		<control type="panel" id="572">
			<viewtype label="Thumbnails">icons</viewtype>
			<posx>45</posx>
			<posy>95</posy>
			<width>1240</width>
			<height>507</height>
			<onleft>6000</onleft>
			<onright>76</onright>
			<onup>572</onup>
			<ondown>572</ondown>
			<preloaditems>4</preloaditems>
			<scrolltime>150</scrolltime>
			<pagecontrol>76</pagecontrol>
			<include>transition_Container</include>
			<include>infoDialogHide</include>
			<include>toggle_Menu</include>
			<visible>Container.Content(albums)</visible>
			<animation effect="slide" end="0,15" condition="Skin.HasSetting(numitems.enable)">Conditional</animation>
			<itemlayout height="169" width="169">
				<control type="image">
					<width>169</width>
					<height>169</height>
					<texture fallback="thumbs/album.png" background="true">$INFO[ListItem.Thumb]</texture>
					<bordertexture border="6" width="169" height="169">frames/frame_Square-small.png</bordertexture>
					<bordersize>6</bordersize>
					<aspectratio>scale</aspectratio>
				</control>
			</itemlayout>											
			<focusedlayout height="169" width="169">
				<control type="image">
					<width>169</width>
					<height>169</height>
					<texture fallback="thumbs/album.png" background="true">$INFO[ListItem.Thumb]</texture>
					<bordertexture border="6" width="169" height="169">frames/frame_Square-small.png</bordertexture>
					<bordersize>6</bordersize>
					<aspectratio>scale</aspectratio>
					<include>focus_Thumbs</include>
				</control>
			</focusedlayout>
		</control>
	</include>
</includes>