﻿<window id="107">
	<coordinates>
		<system>1</system>
		<posx>0</posx>
		<posy>0</posy>
	</coordinates>
	<controls>
		<control type="group">
			<control type="fadelabel" id="401">
				<description>Line 1 Label</description>
				<posx>470r</posx>
				<width>400</width>
				<include>notificationTop</include>
			</control>
			<control type="fadelabel" id="402">
				<description>Line 2 Label</description>
				<posx>470r</posx>
				<width>400</width>
				<include>notificationBottom</include>
			</control>
			<control type="image" id="400">
				<include>notificationIcon</include>
				<texture>toast/info.png</texture>
			</control>
			<control type="image" id="403">
				<include>notificationIcon</include>
				<visible>false</visible>
				<texture>toast/info.png</texture>
			</control>
			<control type="image" id="404">
				<include>notificationIcon</include>
				<visible>false</visible>
				<texture>toast/warning.png</texture>
			</control>
			<control type="image" id="405">
				<include>notificationIcon</include>
				<visible>false</visible>
				<texture>toast/error.png</texture>
			</control>
		</control>
	</controls>
</window>