﻿<window type="dialog" id="142">
	<defaultcontrol always="true">60</defaultcontrol>
	
	<controls>
	
		<control type="group">
			<posy>300</posy>
			<visible>[VideoPlayer.Content(movies) | VideoPlayer.Content(episodes) | VideoPlayer.Content(musicvideos) | VideoPlayer.Content(livetv) | VideoPlayer.Content(livetv)] + ![Window.IsActive(2901)]</visible>
			<control type="image">
				<height>200</height>
				<include>screenwidth</include>
				<texture>OSD/infoOverlayTop.png</texture>
				<include>transition_OSD2</include>
			</control>
			<control type="image" id="1">
				<posy>200</posy>
				<height>220</height>
				<include>screenwidth</include>
				<aspectratio>stretch</aspectratio>
				<texture border="0,1,0,11">OSD/infoOverlay.png</texture>
				<include>transition_OSD</include>
			</control>
		</control>
		<control type="group">
			<posy>369</posy>
			<visible>[VideoPlayer.Content(files)] + ![Window.IsActive(2901)]</visible>
			<control type="image">
				<height>200</height>
				<include>screenwidth</include>
				<texture>OSD/infoOverlayTop.png</texture>
				<include>transition_OSD2</include>
			</control>
			<control type="image" id="1">
				<posy>200</posy>
				<height>140</height>
				<include>screenwidth</include>
				<texture border="0,1,0,11">OSD/infoOverlay.png</texture>
				<include>transition_OSD</include>
			</control>
		</control>
		
		<include>clock</include>
		
		<control type="group">
			<description>now watching</description>
			<posx>200</posx>
			<visible>!Window.IsActive(2901)</visible>
			<include>transition_OSD3</include>
			<control type="label">	
				<posy>452</posy>
				<width>1080</width>
				<label>$LOCALIZE[31905]</label>
				<font>osd3</font>
				<textcolor>Color3</textcolor>
				<visible>!VideoPlayer.Content(files)</visible>
			</control>
			<control type="label">	
				<posy>522</posy>
				<width>1080</width>
				<label>$LOCALIZE[31905]</label>
				<font>osd3</font>
				<textcolor>Color3</textcolor>
				<visible>VideoPlayer.Content(files)</visible>
			</control>
		</control>
		
		<control type="button" id="2000">
			<label>SHOULD NOT SEE ME</label>
			<onup>53</onup>
			<ondown>53</ondown>
			<onleft>-</onleft>
			<onright>3000</onright>
			<width>500</width>
			<visible allowhiddenfocus="true">false</visible>
		</control>
		<control type="button" id="3000">
			<label>SHOULD NOT SEE ME</label>
			<onup>53</onup>
			<ondown>53</ondown>
			<onleft>2000</onleft>
			<onright>-</onright>
			<width>500</width>
			<visible allowhiddenfocus="true">false</visible>
		</control>
		

<!---------- FLAGS --------------------------------------------------------------------------------------->
		<control type="group">
			<posx>40</posx>
			<posy>485</posy>
			<include>transition_OSD</include>
			<visible>[VideoPlayer.Content(movies) | VideoPlayer.Content(episodes) | VideoPlayer.Content(musicvideos) | VideoPlayer.Content(livetv) | VideoPlayer.Content(files)] + ![Window.IsActive(2901)]</visible>
			<control type="image">
				<width>128</width>
				<height>128</height>
				<aspectratio align="center">keep</aspectratio>
				<include>flag_Studio-play</include>
				<visible>VideoPlayer.Content(movies)</visible>
			</control>
			<control type="image">
				<width>128</width>
				<height>128</height>
				<aspectratio align="center">keep</aspectratio>
				<include>flag_Network-play</include>
				<visible>VideoPlayer.Content(episodes)</visible>
			</control>
			<control type="image">
				<width>128</width>
				<height>128</height>
				<aspectratio align="center">keep</aspectratio>
				<include>flag_Channel-play</include>
				<visible>VideoPlayer.Content(livetv)</visible>
			</control>
			<control type="image">
				<width>128</width>
				<height>128</height>
				<aspectratio align="center">keep</aspectratio>
				<include>flag_Label-play</include>
				<visible>VideoPlayer.Content(musicvideos)</visible>
			</control>
			<control type="image">
				<posx>1135</posx>
				<posy>16</posy>
				<width>64</width>
				<height>64</height>
				<aspectratio align="center">keep</aspectratio>
				<include>flag_HD-play</include>
				<visible>!VideoPlayer.Content(files)</visible>
			</control>
			<control type="image">
				<posx>1135</posx>
				<posy>85</posy>
				<width>64</width>
				<height>64</height>
				<aspectratio align="center">keep</aspectratio>
				<include>flag_HD-play</include>
				<visible>VideoPlayer.Content(files)</visible>
			</control>
			<control type="image">
				<posy>65</posy>
				<width>128</width>
				<height>128</height>
				<aspectratio align="center">keep</aspectratio>
				<include>flag_VideoCodec-play</include>
				<visible>VideoPlayer.Content(files)</visible>
			</control>
		</control>
		<control type="image">
			<posx>1175</posx>
			<posy>575</posy>
			<width>64</width>
			<height>64</height>
			<aspectratio align="center">keep</aspectratio>
			<include>hdFlag</include>
			<include>transition_OSD</include>
			<visible>![VideoPlayer.Content(movies) | VideoPlayer.Content(episodes) | VideoPlayer.Content(livetv) | VideoPlayer.Content(files)] + ![Window.IsActive(2901)]</visible>
		</control>


<!---------- INFO --------------------------------------------------------------------------------------->
		<control type="group" id="1">
			<posx>200</posx>
			<posy>523</posy>
			<visible>[VideoPlayer.Content(movies) | VideoPlayer.Content(episodes) | VideoPlayer.Content(musicvideos) | VideoPlayer.Content(livetv)] + ![Window.IsActive(2901)]</visible>
			<include>transition_OSD</include>
			<include>fadeinout</include>

			<control type="label">
				<width>970</width>
				<label>$INFO[VideoPlayer.Title]</label>
				<font>osd1</font>
				<align>left</align>
				<textcolor>Color1</textcolor>
			</control>
			<control type="label">
				<posy>30</posy>
				<width>1000</width>
				<align>left</align>
				<label>$INFO[VideoPlayer.Genre,, • ]$INFO[VideoPlayer.Year]</label>
				<font>osd2</font>
				<textcolor>Color2</textcolor>
				<visible>VideoPlayer.Content(movies)</visible>
			</control>
			<control type="label">
				<posy>30</posy>
				<width>1000</width>
				<align>left</align>
				<label>$LOCALIZE[31106] [COLOR=Color1]$INFO[VideoPlayer.Artist][/COLOR]</label>
				<font>osd2</font>
				<textcolor>Color2</textcolor>
				<visible>VideoPlayer.Content(musicvideos)</visible>
			</control>
			<control type="label" id="1">
				<posy>30</posy>
				<width>1000</width>
				<align>left</align>
				<label>$INFO[VideoPlayer.TVShowTitle,,: ]$INFO[VideoPlayer.Season,$LOCALIZE[20373] , -] $INFO[VideoPlayer.Episode,$LOCALIZE[20359] ]</label>
				<textcolor>Color2</textcolor>
				<font>osd2</font>
				<visible>VideoPlayer.Content(episodes)</visible>
			</control>
			<control type="label">
				<posy>30</posy>
				<width>1000</width>
				<align>left</align>
				<label>$INFO[VideoPlayer.ChannelName]</label>
				<font>osd2</font>
				<textcolor>Color2</textcolor>
				<visible>VideoPlayer.Content(livetv)</visible>
			</control>
			<control type="label">
				<posx>1035</posx>
				<posy>30</posy>
				<width>1000</width>
				<align>right</align>
				<label>$INFO[Player.Time,, / ]$INFO[Player.Duration]</label>
				<font>osd2</font>
				<textcolor>Color2</textcolor>
			</control>
			<control type="label">
				<posy>50</posy>
				<width>1000</width>
				<align>left</align>
				<label>$LOCALIZE[31083] [COLOR=Color1]$INFO[VideoPlayer.Album] ($INFO[VideoPlayer.Year])[/COLOR]</label>
				<font>osd2</font>
				<textcolor>Color2</textcolor>
				<visible>VideoPlayer.Content(musicvideos)</visible>
			</control>
			<control type="textbox" id="8">
				<posy>60</posy>
				<width>1040</width>
				<height>87</height>
				<align>left</align>
				<aligny>top</aligny>
				<label>$INFO[VideoPlayer.PlotOutline]</label>
				<visible>!IsEmpty(VideoPlayer.PlotOutline) + !VideoPlayer.Content(musicvideos)</visible>
				<textcolor>Color1</textcolor>
				<font>description</font>
			</control>
			<control type="textbox" id="8">
				<posy>60</posy>
				<width>1040</width>
				<height>87</height>
				<align>left</align>
				<aligny>top</aligny>
				<label>$INFO[VideoPlayer.Plot]</label>
				<visible>IsEmpty(VideoPlayer.PlotOutline) + !VideoPlayer.Content(musicvideos)</visible>
				<textcolor>Color1</textcolor>
				<font>descriptionSmall</font>
			</control>
			<control type="label">
				<posy>70</posy>
				<width>1000</width>
				<align>left</align>
				<label>$INFO[VideoPlayer.Genre]</label>
				<font>osd2</font>
				<textcolor>Color2</textcolor>
				<visible>VideoPlayer.Content(musicvideos)</visible>
			</control>
			<control type="label">
				<posy>90</posy>
				<width>1000</width>
				<align>left</align>
				<label>$INFO[VideoPlayer.Studio]</label>
				<font>osd2</font>
				<textcolor>Color2</textcolor>
				<visible>VideoPlayer.Content(musicvideos)</visible>
			</control>
			<control type="label">
				<posy>120</posy>
				<width>1000</width>
				<align>left</align>
				<label>$LOCALIZE[209]: $INFO[VideoPlayer.offset(1).Title,, ]$LOCALIZE[31106] $INFO[VideoPlayer.offset(1).Artist]</label>
				<font>osd2</font>
				<textcolor>Color2</textcolor>
				<visible>VideoPlayer.Content(musicvideos) + !IsEmpty(VideoPlayer.offset(1).Title)</visible>
			</control>
		</control>


<!---------- VIDEO FILES --------------------------------------------------------------------------------------->
		<control type="image">
			<posx>40</posx>
			<posy>588</posy>
			<include>transition_OSD</include>
			<width>128</width>
			<height>72</height>
			<aspectratio align="center">keep</aspectratio>
			<include>labelFlag</include>
			<visible>VideoPlayer.Content(musicvideos)</visible>
		</control>
		<control type="group" id="1">
			<posx>200</posx>
			<posy>589</posy>
			<visible>VideoPlayer.Content(files)] + ![Window.IsActive(2901)]</visible>
			<include>transition_OSD</include>
			<control type="label" id="1">
				<width>1140</width>
				<label>$INFO[VideoPlayer.Title]</label>
				<align>left</align>
				<textcolor>Color1</textcolor>
				<font>osd1</font>
			</control>
			<control type="label" id="1">
				<posy>30</posy>
				<width>900</width>
				<align>left</align>
				<label>$INFO[Player.FolderPath]</label>
				<textcolor>Color2</textcolor>
				<font>osd2</font>
				<visible>VideoPlayer.Content(files)</visible>
			</control>
			<control type="label">
				<posx>1035</posx>
				<posy>30</posy>
				<width>1000</width>
				<align>right</align>
				<label>$INFO[Player.Time,, / ]$INFO[Player.Duration]</label>
				<font>osd2</font>
				<textcolor>Color2</textcolor>
			</control>
		</control>
	</controls>
</window>