<window id="602">
	<defaultcontrol always="true">10</defaultcontrol>
	<include>dialogOpen</include>
	<coordinates>
		<system>1</system>
		<posx>351</posx>
		<posy>100</posy>
	</coordinates>
	
	
	<controls>
		<control type="group">
			<control type="image">
				<width>578</width>
				<height>520</height>
				<include>dialogWindow</include>
			</control>
			<control type="label" id="1">
				<description>heading label</description>
				<width>500</width>
				<scroll>true</scroll>
				<label>$INFO[ListItem.Title]</label>
				<include>dialogHeading</include>
			</control>
			
			<control type="group">
				<posx>19</posx>
				<posy>75</posy>
				<control type="image">
					<width>542</width>
					<include>dialogSeparator</include>
				</control>
				<control type="image">
					<posy>40</posy>
					<width>542</width>
					<include>dialogSeparator</include>
				</control>
				<control type="image">
					<posy>80</posy>
					<width>542</width>
					<include>dialogSeparator</include>
				</control>
				<control type="image">
					<posy>120</posy>
					<width>542</width>
					<include>dialogSeparator</include>
				</control>
				<control type="image">
					<posy>160</posy>
					<width>542</width>
					<include>dialogSeparator</include>
				</control>
				<control type="image">
					<posy>200</posy>
					<width>542</width>
					<include>dialogSeparator</include>
				</control>
			</control>
			
			<control type="grouplist" id="1">
				<posx>34</posx>
				<posy>83</posy>
				<width>548</width>
				<height>305</height>
				<itemgap>18</itemgap>
				<control type="label" id="3">
					<width>548</width>
					<label>[B]$LOCALIZE[552][/B] $INFO[ListItem.StartDate]</label>
					<textcolor>Color4</textcolor>
					<font>smallCaps</font>
					<include>infoDialogMeta</include>
				</control>
				<control type="label" id="4">
					<width>548</width>
					<label>[B]$LOCALIZE[142][/B] $INFO[ListItem.StartTime] - $INFO[ListItem.EndTime]</label>
					<textcolor>Color4</textcolor>
					<font>smallCaps</font>
					<include>infoDialogMeta</include>
				</control>
				<control type="label" id="5">
					<width>548</width>
					<label>[B]$LOCALIZE[19148][/B] $INFO[ListItem.ChannelName]</label>
					<textcolor>Color4</textcolor>
					<font>smallCaps</font>
					<include>infoDialogMeta</include>
				</control>
				<control type="label" id="6">
					<width>548</width>
					<label>[B]$LOCALIZE[180][/B] $INFO[ListItem.Duration]</label>
					<textcolor>Color4</textcolor>
					<font>smallCaps</font>
					<include>infoDialogMeta</include>
				</control>
				<control type="label" id="6">
					<width>548</width>
					<label>[B]$LOCALIZE[135][/B] $INFO[ListItem.Genre]</label>
					<textcolor>Color4</textcolor>
					<font>smallCaps</font>
					<include>infoDialogMeta</include>
				</control>
			</control>
			
			<control type="textbox" id="400">
				<description>plot</description>
				<posx>34</posx>
				<posy>290</posy>
				<width>500</width>
				<height>180</height>
				<font>descriptionSmall</font>
				<textcolor>Color4</textcolor>
				<align>left</align>
				<label>$INFO[ListItem.Plot]</label>
			</control>
		</control>
		
		<control type="group" id="9000">
			<posy>445</posy>
			<posx>224</posx>
			<control type="button" id="10">
				<description>OK button</description>
				<label>186</label>
				<onleft>7</onleft>
				<onright>6</onright>
				<onup>11</onup>
				<ondown>11</ondown>
				<include>dialogConfirmButton</include>
			</control>
		</control>
	</controls>
</window>