<window id="606">
	<defaultcontrol always="true">9</defaultcontrol>
	<include>dialogOpen</include>
	<coordinates>
		<system>1</system>
		<posx>221</posx>
		<posy>50</posy>
	</coordinates>
	
	<controls>
		<control type="group">
			<control type="image">
				<width>838</width>
				<height>625</height>
				<include>dialogWindow</include>
			</control>
			<control type="label">
				<description>heading label</description>
				<width>770</width>
				<scroll>true</scroll>
				<label>$LOCALIZE[19142]</label>
				<include>dialogHeading</include>
			</control>
			
			<control type="image" id="1">
				<posx>34</posx>
				<posy>75</posy>
				<width>770</width>
				<height>40</height>
				<texture border="10,0,10,0">dialogs/textField.png</texture>
				<visible>!Control.HasFocus(9)</visible>
			</control>
			<control type="image" id="1">
				<posx>34</posx>
				<posy>75</posy>
				<width>770</width>
				<height>40</height>
				<texture border="10,0,10,0">dialogs/textFieldFocus.png</texture>
				<visible>Control.HasFocus(9)</visible>
			</control>
			
			<control type="label">
				<description>Search label</description>
				<posx>34</posx>
				<posy>73</posy>
				<width>200</width>
				<align>left</align>
				<textcolor>Color3</textcolor>
				<include>dialogLabel</include>
				<label>$LOCALIZE[137]</label>
			</control>
			
			<control type="edit" id="9">
				<description>Edit Text</description>
				<posx>125</posx>
				<posy>74</posy>
				<width>542</width>
				<height>38</height>
				<font>keyboard</font>
				<textcolor>Color4</textcolor>
				<align>left</align>
				<aligny>center</aligny>
				<onleft>9</onleft>
				<onright>9</onright>
				<onup>26</onup>
				<ondown>10</ondown>
			</control>
			
			<control type="textbox">
				<description>Search help</description>
				<posx>36</posx>
				<posy>120</posy>
				<width>750</width>
				<height>70</height>
				<align>left</align>
				<font>descriptionSmall</font>
				<textcolor>Color4</textcolor>
				<label>$LOCALIZE[19001] $LOCALIZE[19002]</label>
			</control>

		
		<control type="group" id="8000">
			<posx>19</posx>
			<posy>200</posy>
			
			<control type="image">
				<posx>0</posx>
				<posy>0</posy>
				<width>800</width>
				<include>dialogSeparator</include>
			</control>
			
			<control type="radiobutton" id="10">
				<description>Include Description</description>
				<posy>0</posy>
				<width>400</width>
				<label>19134</label>
				<onleft>12</onleft>
				<onright>12</onright>
				<onup>9</onup>
				<ondown>11</ondown>
				<include>dialogRadio</include>
			</control>
			
			<control type="radiobutton" id="11">
				<description>Case Sensitive</description>
				<posx>0</posx>
				<posy>40</posy>
				<width>400</width>
				<label>19135</label>
				<onleft>13</onleft>
				<onright>13</onright>
				<onup>10</onup>
				<ondown>14</ondown>
				<include>dialogRadio</include>
			</control>
			
			<control type="edit" id="14">
				<description>Start Date</description>
				<posx>0</posx>
				<posy>80</posy>
				<width>400</width>
				<label>19128</label>
				<onright>16</onright>
				<onleft>16</onleft>
				<onup>11</onup>
				<ondown>15</ondown>
				<include>dialogListButton</include>
			</control>
			<control type="edit" id="15">
				<description>Stop Date</description>
				<posx>0</posx>
				<posy>120</posy>
				<width>400</width>
				<label>19129</label>
				<onright>17</onright>
				<onleft>17</onleft>
				<onup>14</onup>
				<ondown>18</ondown>
				<include>dialogListButton</include>
			</control>

			<control type="spincontrolex" id="18">
				<description>Genre</description>
				<posx>0</posx>
				<posy>160</posy>
				<width>400</width>
				<label>515</label>
				<onright>19</onright>
				<onleft>19</onleft>
				<onup>15</onup>
				<ondown>20</ondown>
				<include>dialogSpin</include>
			</control>

			<control type="radiobutton" id="20">
				<description>Include unknown Genres</description>
				<posx>0</posx>
				<posy>200</posy>
				<width>400</width>
				<pulseonselect>no</pulseonselect>
				<label>19132</label>
				<onleft>21</onleft>
				<onright>21</onright>
				<onup>18</onup>
				<ondown>22</ondown>
				<include>dialogRadio</include>
			</control>
			<control type="radiobutton" id="22">
				<description>free-to-air only</description>
				<posx>0</posx>
				<posy>240</posy>
				<width>400</width>
				<label>19123</label>
				<onleft>23</onleft>
				<onright>23</onright>
				<onup>20</onup>
				<ondown>24</ondown>
				<include>dialogRadio</include>
			</control>
			<control type="radiobutton" id="24">
				<description>Ignore Timers</description>
				<posx>0</posx>
				<posy>280</posy>
				<width>400</width>
				<label>19124</label>
				<onleft>27</onleft>
				<onright>27</onright>
				<onup>22</onup>
				<ondown>26</ondown>
				<include>dialogRadio</include>
			</control>
		</control>
		
		<control type="image">
			<posx>419</posx>
			<posy>201</posy>
			<width>1</width>
			<height>318</height>
			<texture>dialogs/separator-y.png</texture>
		</control>
		
		
		<control type="group">
			<posx>419</posx>
			<posy>200</posy>
			<control type="spincontrolex" id="12">
				<description>Min Duration</description>
				<posx>0</posx>
				<posy>0</posy>
				<width>400</width>
				<label>19130</label>
				<onright>10</onright>
				<onleft>10</onleft>
				<onup>9</onup>
				<ondown>13</ondown>
				<include>dialogSpin</include>
			</control>
			<control type="spincontrolex" id="13">
				<description>Max Duration</description>
				<posx>0</posx>
				<posy>40</posy>
				<width>400</width>
				<label>19131</label>
				<onright>11</onright>
				<onleft>11</onleft>
				<onup>12</onup>
				<ondown>16</ondown>
				<include>dialogSpin</include>
			</control>
			<control type="edit" id="16">
				<description>Start time</description>
				<posx>0</posx>
				<posy>80</posy>
				<width>400</width>
				<label>19126</label>
				<onright>14</onright>
				<onleft>14</onleft>
				<onup>13</onup>
				<ondown>17</ondown>
				<include>dialogListButton</include>
			</control>
			<control type="edit" id="17">
				<description>Stop time</description>
				<posx>0</posx>
				<posy>120</posy>
				<width>400</width>
				<label>19127</label>
				<onright>15</onright>
				<onleft>15</onleft>
				<onup>16</onup>
				<ondown>19</ondown>
				<include>dialogListButton</include>
			</control>
			<control type="radiobutton" id="19">
				<description>avoid repeats</description>
				<posx>0</posx>
				<posy>160</posy>
				<width>400</width>
				<label>19121</label>
				<onright>18</onright>
				<onleft>18</onleft>
				<onup>17</onup>
				<ondown>21</ondown>
				<include>dialogRadio</include>
			</control>
			<control type="spincontrolex" id="21">
				<description>Groups</description>
				<posx>0</posx>
				<posy>200</posy>
				<width>400</width>
				<label>19141</label>
				<onright>20</onright>
				<onleft>20</onleft>
				<onup>19</onup>
				<ondown>23</ondown>
				<include>dialogSpin</include>
			</control>
			<control type="spincontrolex" id="23">
				<description>Channels</description>
				<posx>0</posx>
				<posy>240</posy>
				<width>400</width>
				<label>19148</label>
				<onleft>22</onleft>
				<onright>22</onright>
				<onup>21</onup>
				<ondown>27</ondown>
				<include>dialogSpin</include>
			</control>
			<control type="radiobutton" id="27">
				<description>Ignore Recordings</description>
				<posx>0</posx>
				<posy>280</posy>
				<width>400</width>
				<label>19125</label>
				<onleft>24</onleft>
				<onright>24</onright>
				<onup>23</onup>
				<ondown>26</ondown>
				<include>dialogRadio</include>
			</control>
		</control>
		
		
		<control type="group" id="9000">
			<posx>34</posx>
			<posy>543</posy>
			<control type="button" id="28">
				<description>Defaults Button</description>
				<label>409</label>
				<onleft>26</onleft>
				<onright>25</onright>
				<onup>24</onup>
				<ondown>9</ondown>
				<include>dialogConfirmButton</include>
			</control>
			<control type="button" id="25">
				<description>Cancel Button</description>
				<posx>515</posx>
				<label>222</label>
				<onleft>28</onleft>
				<onright>26</onright>
				<onup>27</onup>
				<ondown>9</ondown>
				<include>dialogConfirmButton</include>
			</control>
			<control type="button" id="26">
				<description>Search Button</description>
				<posx>645</posx>
				<label>137</label>
				<onleft>25</onleft>
				<onright>28</onright>
				<onup>27</onup>
				<ondown>9</ondown>
				<include>dialogConfirmButton</include>
			</control>
		</control>
		</control>
	</controls>
</window>