﻿<window type="dialog" id="134">
	<defaultcontrol always="true">450</defaultcontrol>
	<include>dialogOpen</include>
	<coordinates>
		<system>1</system>
		<posx>340</posx>
		<posy>100</posy>
	</coordinates>

	<controls>
		<control type="image">
			<width>600</width>
			<height>475</height>
			<include>dialogWindow</include>
		</control>
		<control type="label" id="1">
			<description>heading label</description>
			<width>532</width>
			<label>1036</label>
			<include>dialogHeading</include>
		</control>
		<control type="image">
			<posx>19</posx>
			<posy>75</posy>
			<width>563</width>
			<include>dialogSeparator</include>
		</control>

		<control type="list" id="450">
			<posx>19</posx>
			<posy>75</posy>
			<width>563</width>
			<height>320</height>
			<onup>450</onup>
			<ondown>450</ondown>
			<scrolltime>150</scrolltime>
			<itemlayout height="40">
				<control type="image">
					<width>563</width>
					<include>dialog_CommonList</include>
				</control>
				<control type="label">
					<width>543</width>
					<info>ListItem.Label</info>
					<include>dialog_CommonListItem</include>
				</control>
			</itemlayout>
			<focusedlayout height="40">
				<control type="image">
					<width>563</width>
					<include>dialog_CommonList</include>
					<visible>!Control.HasFocus(450)</visible>
				</control>
				<control type="image">
					<width>563</width>
					<height>40</height>
					<include>dialog_CommonListFocus</include>
					<visible>Control.HasFocus(450)</visible>
				</control>
				<control type="label">
					<posx>15</posx>
					<width>543</width>
					<info>ListItem.Label</info>
					<include>dialog_CommonListItemFocus</include>
				</control>
			</focusedlayout>
		</control>
		<control type="label">
			<posx>34</posx>
			<posy>405</posy>
			<width>534</width>
			<height>30</height>
			<align>center</align>
			<aligny>center</aligny>
			<font>small</font>
			<label>$INFO[Container(450).CurrentPage]/$INFO[Container(450).NumPages]</label>
			<textcolor>Color4</textcolor>
			<shadowcolor>fff4f4f4</shadowcolor>
		</control>
	</controls>
</window>
