<window id="604">
	<defaultcontrol always="true">11</defaultcontrol>
	<include>dialogOpen</include>
	<coordinates>
		<system>1</system>
		<posx>197</posx>
		<posy>75</posy>
	</coordinates>

	<controls>
		<control type="group">
			<visible>!Window.IsVisible(FileBrowser)</visible>
			<control type="group">
				<control type="image">
					<width>887</width>
					<height>570</height>
					<include>dialogWindow</include>
				</control>
				<control type="label" id="1">
					<description>heading label</description>
					<width>819</width>
					<scroll>true</scroll>
					<label>$LOCALIZE[19143]</label>
					<include>dialogHeading</include>
				</control>

				<control type="image">
					<posx>19</posx>
					<posy>75</posy>
					<width>849</width>
					<include>dialogSeparator</include>
				</control>
				<control type="image">
					<posx>19</posx>
					<posy>115</posy>
					<width>849</width>
					<include>dialogSeparator</include>
				</control>
				<control type="image">
					<posx>294</posx>
					<posy>75</posy>
					<width>1</width>
					<height>399</height>
					<texture>dialogs/separator-y.png</texture>
				</control>
				<control type="image">
					<posx>569</posx>
					<posy>75</posy>
					<width>1</width>
					<height>399</height>
					<texture>dialogs/separator-y.png</texture>
				</control>
				<control type="image">
					<posx>19</posx>
					<posy>474</posy>
					<width>849</width>
					<include>dialogSeparator</include>
				</control>

				<control type="group" id="6000">
					<control type="group"> 
						<description>available groups</description>
						<posy>75</posy>
						<control type="label">
							<posx>34</posx>
							<width>340</width>
							<height>40</height>
							<font>small</font>
							<label>[B]$LOCALIZE[31902][/B]</label>
							<textcolor>Color4</textcolor>
						</control>
						<control type="list" id="13">
							<posx>19</posx>
							<posy>40</posy>
							<width>275</width>
							<height>360</height>
							<onleft>9000</onleft>
							<onright>11</onright>
							<onup>13</onup>
							<ondown>13</ondown>
							<scrolltime>200</scrolltime>
							<itemlayout height="40">
								<control type="image">
									<posy>0</posy>
									<width>612</width>
									<height>40</height>
									<texture>dialogs/list-nofocus.png</texture>
								</control>
								<control type="label">
									<width>573</width>
									<label>$INFO[ListItem.Label]</label>
									<include>dialog_CommonListItem</include>
								</control>
							</itemlayout>
							<focusedlayout height="40">
								<control type="image">
									<posy>0</posy>
									<width>613</width>
									<height>40</height>
									<texture>dialogs/list-focus.png</texture>
									<visible>Control.HasFocus(13)</visible>
								</control>
								<control type="image">
									<posy>0</posy>
									<width>613</width>
									<height>40</height>
									<texture>dialogs/list-focus.png</texture>
									<animation effect="fade" end="50" condition="!Control.HasFocus(13)">Conditional</animation>
								</control>
								<control type="label">
									<width>573</width>
									<label>$INFO[ListItem.Label]</label>
									<include>dialog_CommonListItemFocus</include>
								</control>
							</focusedlayout>
						</control>
					</control>

					<control type="group">
						<description>ungrouped channels</description>
						<posx>294</posx>
						<posy>75</posy>
						<control type="label">
							<posx>19</posx>
							<width>300</width>
							<height>40</height>
							<font>small</font>
							<label>[B]$LOCALIZE[31903][/B]</label>
							<textcolor>Color4</textcolor>
						</control>
						<control type="list" id="11">
							<posx>0</posx>
							<posy>40</posy>
							<width>275</width>
							<height>360</height>
							<onleft>13</onleft>
							<onright>12</onright>
							<onup>11</onup>
							<ondown>11</ondown>
							<scrolltime>200</scrolltime>
							<itemlayout height="40">
								<control type="image">
									<posy>0</posy>
									<width>612</width>
									<height>40</height>
									<texture>dialogs/list-nofocus.png</texture>
								</control>
								<control type="label">
									<width>573</width>
									<label>$INFO[ListItem.ChannelNumber,, - ]$INFO[ListItem.ChannelName]</label>
									<include>dialog_CommonListItem</include>
								</control>
							</itemlayout>
							<focusedlayout height="40">
								<control type="image">
									<posy>0</posy>
									<width>613</width>
									<height>40</height>
									<texture>dialogs/list-focus.png</texture>
									<visible>Control.HasFocus(11)</visible>
								</control>
								<control type="image">
									<posy>0</posy>
									<width>613</width>
									<height>40</height>
									<texture>dialogs/list-focus.png</texture>
									<animation effect="fade" end="50" condition="!Control.HasFocus(11)">Conditional</animation>
								</control>
								<control type="label">
									<width>573</width>
									<label>$INFO[ListItem.ChannelNumber,, - ]$INFO[ListItem.ChannelName]</label>
									<include>dialog_CommonListItemFocus</include>
								</control>
							</focusedlayout>
						</control>
					</control>

					<control type="group">
						<description>grouped channels</description>
						<posx>569</posx>
						<posy>75</posy>
						<control type="label">
							<posx>19</posx>
							<width>300</width>
							<height>40</height>
							<font>small</font>
							<label>[B]$INFO[Control.GetLabel(20)][/B]</label>
							<textcolor>Color4</textcolor>
						</control>
						<control type="list" id="12">
							<posy>40</posy>
							<width>300</width>
							<height>360</height>
							<onleft>11</onleft>
							<onright>9000</onright>
							<onup>12</onup>
							<ondown>12</ondown>
							<scrolltime>200</scrolltime>
							<itemlayout height="40">
								<control type="image">
									<posy>0</posy>
									<width>612</width>
									<height>40</height>
									<texture>dialogs/list-nofocus.png</texture>
								</control>
								<control type="label">
									<width>573</width>
									<label>$INFO[ListItem.ChannelNumber,, - ]$INFO[ListItem.ChannelName]</label>
									<include>dialog_CommonListItem</include>
								</control>
							</itemlayout>
							<focusedlayout height="40">
								<control type="image">
									<posy>0</posy>
									<width>613</width>
									<height>40</height>
									<texture>dialogs/list-focus.png</texture>
									<visible>Control.HasFocus(12)</visible>
								</control>
								<control type="image">
									<posy>0</posy>
									<width>613</width>
									<height>40</height>
									<texture>dialogs/list-focus.png</texture>
									<animation effect="fade" end="50" condition="!Control.HasFocus(12)">Conditional</animation>
								</control>
								<control type="label">
									<width>573</width>
									<label>$INFO[ListItem.ChannelNumber,(,) - ]$INFO[ListItem.ChannelName]</label>
									<include>dialog_CommonListItemFocus</include>
								</control>
							</focusedlayout>
						</control>
					</control>
				</control>
				
				<control type="grouplist" id="9000">
					<posx>110</posx>
					<posy>490</posy>
					<itemgap>10</itemgap>
					<onup>6000</onup>
					<ondown>6000</ondown>
					<orientation>horizontal</orientation>
					<control type="button" id="26">
						<description>Add Group</description>
						<label>Add Group</label>
						<onleft>7</onleft>
						<onright>6</onright>
						<onup>12</onup>
						<ondown>6000</ondown>
						<width>160</width>
						<include>dialogButton</include>
					</control>
					<control type="button" id="27">
						<description>Rename Group</description>
						<label>Rename Group</label>
						<onleft>5</onleft>
						<onright>7</onright>
						<onup>10</onup>
						<ondown>6000</ondown>
						<width>160</width>
						<include>dialogButton</include>
					</control>
					<control type="button" id="28">
						<description>Delete Group</description>
						<label>Delete Group</label>
						<onleft>6</onleft>
						<onright>5</onright>
						<onup>10</onup>
						<ondown>6000</ondown>
						<width>160</width>
						<include>dialogButton</include>
					</control>
					<control type="button" id="29">
						<description>OK button</description>
						<label>186</label>
						<onleft>6</onleft>
						<onright>5</onright>
						<onup>13</onup>
						<ondown>6000</ondown>
						<width>160</width>
						<include>dialogButton</include>
					</control>
				</control>
			</control>
		</control>

		<control type="label" id="20">
			<description>groups name label</description>
			<visible>false</visible>
		</control>
	</controls>
</window>