﻿<window id="109">
	<defaultcontrol always="true">21</defaultcontrol>
	<include>dialogOpen</include>
	
	<coordinates>
		<system>2</system>
		<posx>440</posx>
		<posy>150</posy>
	</coordinates>
	
	<controls>
		<control type="image" id="1">
			<include>dialogWindow</include>
			<width>392</width>
			<height>410</height>
		</control>
		<control type="label" id="1">
			<description>Heading Label</description>
			<posx>34</posx>
			<width>324</width>
			<label>1007</label>
			<include>dialogHeading</include>
		</control>
		<control type="label" id="1">
			<description>dialog Heading</description>
			<posx>60</posx>
			<posy>2</posy>
			<width>1160</width>
			<height>30</height>
			<font>font13</font>
			<textcolor>green</textcolor>
			<align>center</align>
			<aligny>center</aligny>
		</control>
		<control type="image" id="1">
			<posx>34</posx>
			<posy>75</posy>
			<width>325</width>
			<height>40</height>
			<texture border="10,0,10,0">dialogs/textFieldFocus.png</texture>
		</control>
		<control type="label" id="4">
			<description>Edit Text</description>
			<posx>44</posx>
			<posy>73</posy>
			<width>305</width>
			<height>38</height>
			<font>medium</font>
			<textcolor>Color4</textcolor>
			<align>center</align>
			<aligny>center</aligny>
		</control>

		<control type="group">
			<posx>39</posx>
			<posy>135</posy>
			<control type="button" id="11">
				<description>1 button</description>
				<posx>0</posx>
				<posy>0</posy>
				<label>12311</label>
				<onleft>23</onleft>
				<onright>12</onright>
				<onup>20</onup>
				<ondown>14</ondown>
				<include>keyboardButton</include>
			</control>
			<control type="button" id="12">
				<description>2 button</description>
				<posx>60</posx>
				<posy>0</posy>
				<label>12312</label>
				<onleft>11</onleft>
				<onright>13</onright>
				<onup>10</onup>
				<ondown>15</ondown>
				<include>keyboardButton</include>
			</control>
			<control type="button" id="13">
				<description>3 button</description>
				<posx>120</posx>
				<posy>0</posy>
				<label>12313</label>
				<onleft>12</onleft>
				<onright>23</onright>
				<onup>22</onup>
				<ondown>16</ondown>
				<include>keyboardButton</include>
			</control>
			<control type="button" id="23">
				<description>Backspace button</description>
				<posx>195</posx>
				<posy>0</posy>
				<width>120</width>
				<align>center</align>
				<textwidth>120</textwidth>
				<label>20181</label>
				<onleft>13</onleft>
				<onright>11</onright>
				<onup>21</onup>
				<ondown>21</ondown>
				<include>keyboardButton</include>
			</control>
			<control type="button" id="14">
				<description>4 button</description>
				<posx>0</posx>
				<posy>60</posy>
				<label>12314</label>
				<onleft>21</onleft>
				<onright>15</onright>
				<onup>11</onup>
				<ondown>17</ondown>
				<include>keyboardButton</include>
			</control>
			<control type="button" id="15">
				<description>5 button</description>
				<posx>60</posx>
				<posy>60</posy>
				<label>12315</label>
				<onleft>14</onleft>
				<onright>16</onright>
				<onup>12</onup>
				<ondown>18</ondown>
				<include>keyboardButton</include>
			</control>
			<control type="button" id="16">
				<description>6 button</description>
				<posx>120</posx>
				<posy>60</posy>
				<label>12316</label>
				<onleft>15</onleft>
				<onright>21</onright>
				<onup>13</onup>
				<ondown>19</ondown>
				<include>keyboardButton</include>
			</control>
			<control type="button" id="21">
				<description>Done button</description>
				<posx>195</posx>
				<posy>60</posy>
				<width>120</width>
				<align>center</align>
				<textwidth>120</textwidth>
				<label>20177</label>
				<onleft>16</onleft>
				<onright>14</onright>
				<onup>23</onup>
				<ondown>23</ondown>
				<include>keyboardButton</include>
			</control>
			<control type="button" id="17">
				<description>7 button</description>
				<posx>0</posx>
				<posy>120</posy>
				<label>12317</label>
				<onleft>21</onleft>
				<onright>18</onright>
				<onup>14</onup>
				<ondown>20</ondown>
				<include>keyboardButton</include>
			</control>
			<control type="button" id="18">
				<description>8 button</description>
				<posx>60</posx>
				<posy>120</posy>
				<label>12318</label>
				<onleft>17</onleft>
				<onright>19</onright>
				<onup>15</onup>
				<ondown>10</ondown>
				<include>keyboardButton</include>
			</control>
			<control type="button" id="19">
				<description>9 button</description>
				<posx>120</posx>
				<posy>120</posy>
				<label>12319</label>
				<onleft>18</onleft>
				<onright>21</onright>
				<onup>16</onup>
				<ondown>22</ondown>
				<include>keyboardButton</include>
			</control>
			<control type="button" id="20">
				<description>prev button</description>
				<posx>0</posx>
				<posy>180</posy>
				<label>&lt;&lt;</label>
				<onleft>21</onleft>
				<onright>10</onright>
				<onup>17</onup>
				<ondown>11</ondown>
				<include>keyboardButton</include>
			</control>
			<control type="button" id="10">
				<description>0 button</description>
				<posx>60</posx>
				<posy>180</posy>
				<label>12310</label>
				<onleft>20</onleft>
				<onright>22</onright>
				<onup>18</onup>
				<ondown>12</ondown>
				<include>keyboardButton</include>
			</control>
			<control type="button" id="22">
				<description>next button</description>
				<posx>120</posx>
				<posy>180</posy>
				<label>&gt;&gt;</label>
				<onleft>10</onleft>
				<onright>21</onright>
				<onup>19</onup>
				<ondown>13</ondown>
				<include>keyboardButton</include>
			</control>
		</control>
	</controls>
</window>
