﻿<window id="101">
	<defaultcontrol>10</defaultcontrol>
	<include>dialogOpen</include>
	<coordinates>
		<system>1</system>
		<posx>365</posx>
		<posy>210</posy>
	</coordinates>

	<controls>
		<control type="group">
			<control type="image">
				<width>550</width>
				<height>260</height>
				<include>dialogWindow</include>
			</control>
			<control type="label" id="1">
				<description>heading label</description>
				<width>482</width>
				<include>dialogHeading</include>
			</control>
			<control type="label" id="2">
				<description>dialog line 1</description>
				<width>482</width>	
				<posy>65</posy>
				<include>dialogLine</include>
			</control>
			<control type="label" id="3">
				<description>dialog line 2</description>
				<width>482</width>	
				<posy>90</posy>
				<include>dialogLine</include>
			</control>
			<control type="label" id="4">
				<description>dialog line 3</description>
				<width>482</width>	
				<posy>115</posy>
				<include>dialogLine</include>
			</control>
			<control type="progress" id="20">
				<description>progress control</description>
				<posx>34</posx>
				<posy>150</posy>
				<width>482</width>
				<height>12</height>
			</control>
			<control type="button" id="10">
				<posx>218</posx>
				<posy>185</posy>
				<label>222</label>
				<include>dialogConfirmButton</include>
			</control>
		</control>
	</controls>
</window>
