<window id="610">
	<defaultcontrol always="true">11</defaultcontrol>
	<include>dialogOpen</include>
	<coordinates>
		<system>1</system>
		<posx>290</posx>
		<posy>300</posy>
	</coordinates>
	
	<include>clock</include>

	<controls>
		<control type="group">
			<control type="image">
				<width>700</width>
				<height>375</height>
				<include>dialogWindow</include>
			</control>
			<control type="label" id="1">
				<description>heading label</description>
				<width>662</width>
				<scroll>true</scroll>
				<label>$LOCALIZE[19029] - $INFO[VideoPlayer.ChannelName]</label>
				<include>dialogHeading</include>
				<visible>pvr.IsPlayingTV</visible>
			</control>
			
			<control type="image">
				<posx>19</posx>
				<posy>75</posy>
				<width>662</width>
				<include>dialogSeparator</include>
			</control>
			<control type="image">
				<posx>138</posx>
				<posy>76</posy>
				<width>1</width>
				<height>258</height>
				<texture>dialogs/separator-y.png</texture>
			</control>

			<control type="list" id="11">
				<posx>19</posx>
				<posy>75</posy>
				<width>663</width>
				<height>260</height>
				<onleft>5</onleft>
				<onright>5</onright>
				<onup>3</onup>
				<ondown>3</ondown>
				<scrolltime>200</scrolltime>
				<itemlayout width="663" height="65">
					<control type="image">
						<width>663</width>
						<height>65</height>
						<texture border="3">dialogs/list-nofocus.png</texture>
					</control>
					<control type="label">
						<posy>12</posy>
						<width>120</width>
						<label>$INFO[ListItem.StartTime]</label>
						<font>titleSmaller</font>
						<include>dialog_CommonListItem</include>
					</control>
					<control type="label">
						<posx>130</posx>
						<height>40</height>
						<width>520</width>
						<label>[B]$INFO[ListItem.Title][/B]</label>
						<include>dialog_CommonListItem</include>
					</control>
					<control type="label">
						<posx>130</posx>
						<posy>25</posy>
						<width>520</width>
						<height>40</height>
						<align>left</align>
						<label>$INFO[ListItem.StartDate]</label>
						<include>dialog_CommonListItem</include>
					</control>
				</itemlayout>
				<focusedlayout width="663" height="65">
					<control type="image">
						<width>663</width>
						<height>65</height>
						<texture>dialogs/list-focus.png</texture>
					</control>
					<control type="label">
						<posy>12</posy>
						<width>120</width>
						<label>$INFO[ListItem.StartTime]</label>
						<font>titleSmaller</font>
						<include>dialog_CommonListItemFocus</include>
					</control>
					<control type="label">
						<posx>130</posx>
						<height>40</height>
						<width>520</width>
						<label>[B]$INFO[ListItem.Title][/B]</label>
						<include>dialog_CommonListItemFocus</include>
					</control>
					<control type="label">
						<posx>130</posx>
						<posy>25</posy>
						<width>520</width>
						<height>40</height>
						<align>left</align>
						<label>$INFO[ListItem.StartDate]</label>
						<include>dialog_CommonListItemFocus</include>
					</control>
				</focusedlayout>
			</control>
			
			<control type="scrollbar" id="60">
				<visible>false</visible>
			</control>
			<control type="label">
				<visible>false</visible>
			</control>
		</control>
	</controls>
</window>
