﻿<window id="2001">
	<defaultcontrol always="true">8000</defaultcontrol>
	<allowoverlay>no</allowoverlay>
	
	<controls>
	
<!-- TRIGGER BUTTONS ------------------------------------------------------------------------------------------>
		<control type="button" id="7000">
			<label>SHOULD NOT SEE ME</label>
			<onleft>6000</onleft>
			<onright>53</onright>
			<width>200</width>
			<visible allowhiddenfocus="true">false</visible>
		</control>


<!-- PAGELABELS ------------------------------------------------------------------------------------------------->
		<control type="label">
			<label>[LOWERCASE][COLOR=Color2]$INFO[ListItem.Year][/COLOR] $INFO[ListItem.Album][/LOWERCASE]</label>
			<include>PageLabel</include>
			<visible>Container.Content(albums)</visible>
		</control>
		<control type="label">
			<label>[LOWERCASE]$INFO[ListItem.Artist][/LOWERCASE]</label>
			<include>PageLabel</include>
			<visible>Container.Content(artists)</visible>
		</control>


<!--- ALBUMS ---------------------------------------------------------------------------------------------------------------------->
		<control type="group">
			<posx>425</posx>
			<posy>60</posy>
			<include>transition_Container</include>
			<include>toggle_Menu</include>
			<visible>Container.Content(albums) | Container.Content(artists)</visible>
	
			<control type="grouplist" id="1000">
				<posy>50</posy>
				<itemgap>6</itemgap>
				<control type="label">
					<width>785</width>
					<label>$LOCALIZE[515] [COLOR=Color1]$INFO[ListItem.Genre][/COLOR]</label>
					<include>infoDialogMeta</include>
					<visible>!IsEmpty(ListItem.Genre)</visible>
				</control>
				
				<!--- albums ------------------------------------------> 
				<control type="label">
					<width>785</width>
					<label>$LOCALIZE[175] [COLOR=Color1]$INFO[ListItem.Property(Album_Mood)][/COLOR]</label>
					<include>infoDialogMeta</include>
					<visible>!IsEmpty(ListItem.Property(Album_Mood))</visible>
				</control>
				<control type="label">
					<width>785</width>
					<label>$LOCALIZE[176] [COLOR=Color1]$INFO[ListItem.Property(Album_Style)][/COLOR]</label>
					<include>infoDialogMeta</include>
					<visible>!IsEmpty(ListItem.Property(Album_Style))</visible>
				</control>
				<control type="label">
					<width>785</width>
					<label>$LOCALIZE[21895] [COLOR=Color1]$INFO[ListItem.Property(Album_Theme)][/COLOR]</label>
					<include>infoDialogMeta</include>
					<visible>!IsEmpty(ListItem.Property(Album_Theme))</visible>
				</control>
				<control type="label">
					<width>785</width>
					<label>$LOCALIZE[146] [COLOR=Color1]$INFO[ListItem.Property(Album_Type)][/COLOR]</label>
					<include>infoDialogMeta</include>
					<visible>!IsEmpty(ListItem.Property(Album_Type))</visible>
				</control>
				<control type="label">
					<width>785</width>
					<label>$LOCALIZE[21899] [COLOR=Color1]$INFO[ListItem.Property(Album_Label)][/COLOR]</label>
					<include>infoDialogMeta</include>
					<visible>!IsEmpty(ListItem.Property(Album_Label))</visible>
				</control>
				<control type="label">
					<width>785</width>
					<label>$LOCALIZE[573] [COLOR=Color1]$INFO[ListItem.Path][/COLOR]</label>
					<include>infoDialogMeta</include>
					<visible>!IsEmpty(ListItem.Path)</visible>
				</control>
				
				<!--- artists ------------------------------------------> 
				<control type="label">
					<width>770</width>
					<label>$LOCALIZE[21893] [COLOR=Color1]$INFO[ListItem.Property(Artist_Born)][/COLOR]</label>
					<include>infoDialogMeta</include>
					<visible>!IsEmpty(ListItem.Property(Artist_Born))</visible>
				</control>
				<control type="label">
					<width>770</width>
					<label>$LOCALIZE[21894] [COLOR=Color1]$INFO[ListItem.Property(Artist_Formed)][/COLOR]</label>
					<include>infoDialogMeta</include>
					<visible>!IsEmpty(ListItem.Property(Artist_Formed))</visible>
				</control>
				<control type="label">
					<width>770</width>
					<label>$LOCALIZE[21897] [COLOR=Color1]$INFO[ListItem.Property(Artist_Died)][/COLOR]</label>
					<include>infoDialogMeta</include>
					<visible>!IsEmpty(ListItem.Property(Artist_Died))</visible>
				</control>
				<control type="label">
					<width>770</width>
					<label>$LOCALIZE[21896] [COLOR=Color1]$INFO[ListItem.Property(Artist_Disbanded)][/COLOR]</label>
					<include>infoDialogMeta</include>
					<visible>!IsEmpty(ListItem.Property(Artist_Disbanded))</visible>
				</control>
				<control type="label">
					<width>770</width>
					<label>$LOCALIZE[175] [COLOR=Color1]$INFO[ListItem.Property(Artist_Mood)][/COLOR]</label>
					<include>infoDialogMeta</include>
					<visible>!IsEmpty(ListItem.Property(Artist_Mood))</visible>
				</control>
				<control type="label">
					<width>770</width>
					<label>$LOCALIZE[176] [COLOR=Color1]$INFO[ListItem.Property(Artist_Style)][/COLOR]</label>
					<include>infoDialogMeta</include>
					<visible>!IsEmpty(ListItem.Property(Artist_Style))</visible>
				</control>
				<control type="label">
					<width>770</width>
					<label>$LOCALIZE[21892] [COLOR=Color1]$INFO[ListItem.Property(Instruments)][/COLOR]</label>
					<include>infoDialogMeta</include>
					<visible>!IsEmpty(ListItem.Property(Instruments))</visible>
				</control>
				<control type="label">
					<width>770</width>
					<label>$LOCALIZE[21898] [COLOR=Color1]$INFO[ListItem.Property(Artist_YearsActive)][/COLOR]</label>
					<include>infoDialogMeta</include>
					<visible>!IsEmpty(ListItem.Property(Artist_YearsActive))</visible>
				</control>
				
				<control type="label">
					<description>spacer</description>
					<width>785</width>
					<label></label>
					<include>infoDialogMeta</include>
				</control>

				<!--- common functions -------------------------------------------->
				<control type="group" id="8000">
					<height>45</height>
					<control type="button" id="8">
						<label>$LOCALIZE[1024]</label>
						<onleft>6000</onleft>
						<onright>5</onright>
						<ondown>50</ondown>
						<onclick>Close</onclick>
						<include>infodialog_Button</include>
					</control>
					<control type="button" id="5">
						<description>bio/disco</description>
						<posx>134</posx>
						<width>150</width>
						<label>$LOCALIZE[206]</label>
						<onleft>8</onleft>
						<onright>11</onright>
						<ondown>50</ondown>
						<include>infodialog_Button</include>
					</control>
				</control>
				
				<!--- descriptions -------------------------------------------->
				<control type="textbox" id="4">
					<width>740</width>
					<height>325</height>
					<label>$INFO[ListItem.Property(Artist_Description)]</label>
					<font>descriptionSmall</font>
					<visible>Container.Content(artists)</visible>
				</control>
				<control type="textbox" id="4">
					<width>785</width>
					<height>300</height>
					<label>$INFO[ListItem.Property(AlbumReview)]</label>
					<font>descriptionSmall</font>
					<visible>Container.Content(albums)</visible>
				</control>
			</control>
		</control>


<!----- DISCOGRAPHY ------------------------------------------------------------------------------------------------------------------>
		<control type="group" id="9001">
			<include>transition_Container</include>
			<include>toggle_Menu</include>
			<control type="list" id="50">
				<posx>425</posx>
				<posy>375</posy>
				<width>785</width>
				<height>294</height>
				<onleft>8000</onleft>
				<onright>-</onright>
				<onup>50</onup>
				<ondown>50</ondown>
				<orientation>vertical</orientation>
				<pagecontrol>60</pagecontrol>
				<scrolltime>200</scrolltime>
				<include>transition_Container</include>
				<itemlayout height="42">
					<control type="image">
						<posy>0</posy>
						<width>785</width>
						<height>40</height>
						<texture border="8">epg/column_focus2.png</texture>
						<colordiffuse>tv3</colordiffuse>
					</control>
					<control type="label">
						<posx>15</posx>
						<width>570</width>
						<height>35</height>
						<label>$INFO[ListItem.Label]</label>
						<include>listMenu</include>
					</control>
					<control type="label">
						<posx>770</posx>
						<width>300</width>
						<height>35</height>
						<align>right</align>
						<label>$INFO[ListItem.Duration]</label>
						<textcolor>Color2</textcolor>
						<include>listMenu</include>
					</control>
				</itemlayout>
				<focusedlayout height="42">
					<control type="image">
						<posy>0</posy>
						<width>785</width>
						<height>40</height>
						<texture border="8">epg/column_focus.png</texture>
						<colordiffuse>tv3</colordiffuse>
					</control>
					<control type="label">
						<posx>15</posx>
						<width>570</width>
						<height>35</height>
						<label>$INFO[ListItem.Label]</label>
						<include>listMenu</include>
					</control>
					<control type="label">
						<posx>770</posx>
						<width>300</width>
						<height>35</height>
						<align>right</align>
						<label>$INFO[ListItem.Duration]</label>
						<textcolor>Color1</textcolor>
						<include>listMenu</include>
					</control>
				</focusedlayout>
			</control>
		</control>


<!--- THUMBNAILS --------------------------------------------------------------------------------------------------------------------------------->
	<control type="group">
		<posx>10</posx>
		<posy>80</posy>
		<include>transition_Container</include>
		<include>toggle_Menu</include>
		<control type="image">
			<width>400</width>
			<height>400</height>
			<texture fallback="thumbs/album.png" background="true">$INFO[ListItem.Thumb]</texture>
			<bordertexture border="22" width="400" height="400">frames/frame_Square2.png</bordertexture>
			<bordersize>22</bordersize>
			<aspectratio>scale</aspectratio>
			<visible>Container.Content(albums)</visible>
		</control>
		<control type="image">
			<width>400</width>
			<height>400</height>
			<texture fallback="thumbs/artist.png" background="true">$INFO[ListItem.Thumb]</texture>
			<bordertexture border="22" width="400" height="400">frames/frame_Square2.png</bordertexture>
			<bordersize>22</bordersize>
			<aspectratio align="center">keep</aspectratio>
			<visible>Container.Content(artists)</visible>
		</control>
	</control>
	<control type="group">
		<posx>150</posx>
		<posy>500</posy>
		<include>labelFlagsInfo</include>
		<include>transition_Container</include>
		<include>toggle_Menu</include>
		<visible>!Container.Content(artists)</visible>
	</control>		

	<include>InfoDialogMenuM</include>
	<include>nav_Indicator-info</include>
	
	</controls>
</window>