<window id="603">
	<defaultcontrol>9001</defaultcontrol>
	<include>dialogOpen</include>
	<coordinates>
		<system>1</system>
		<posx>315</posx>
		<posy>60</posy>
	</coordinates>

	<controls>
		<control type="image">
			<width>650</width>
			<height>600</height>
			<include>dialogWindow</include>
		</control>
		<control type="label" id="2">
			<description>heading label</description>
			<width>612</width>
			<scroll>true</scroll>
			<label>-</label>
			<include>dialogHeading</include>
		</control>
		<control type="image">
			<posx>19</posx>
			<posy>75</posy>
			<width>612</width>
			<include>dialogSeparator</include>
		</control>

		<control type="grouplist" id="5">
			<description>control area</description>
			<posx>19</posx>
			<posy>75</posy>
			<width>613</width>
			<height>440</height>
			<itemgap>-1</itemgap>
			<onup>9001</onup>
			<ondown>9001</ondown>
		</control>
		
		<control type="button" id="7">
			<description>Default Button</description>
			<include>dialogListButton</include>
		</control>
		<control type="radiobutton" id="8">
			<description>Default RadioButton</description>
			<include>dialogRadio</include>
		</control>
		<control type="spincontrolex" id="9">
			<description>Default spincontrolex</description>
			<include>dialogSpin</include>
		</control>
		<control type="sliderex" id="10">
			<description>Default Slider</description>
			<include>dialogSlider</include>
		</control>
		<control type="image" id="11">
			<description>Default Seperator</description>
			<visible>false</visible>
		</control>
		
		<control type="edit" id="12">
			<description>Default Edit</description>
			<height>40</height>
			<font>font13</font>
			<textcolor>grey2</textcolor>
			<focusedcolor>white</focusedcolor>
			<texturefocus border="0,2,0,2">MenuItemFO.png</texturefocus>
			<texturenofocus border="0,2,0,2">MenuItemNF.png</texturenofocus>
		</control>
		
		<control type="group" id="9001">
			<posx>367</posx>
			<posy>525</posy>
			<control type="button" id="28">
				<description>OK button</description>
				<label>186</label>
				<onleft>29</onleft>
				<onright>29</onright>
				<onup>5</onup>
				<include>dialogConfirmButton</include>
			</control>
			<control type="button" id="29">
				<description>Cancel button</description>
				<posx>130</posx>
				<label>222</label>
				<onleft>28</onleft>
				<onright>28</onright>
				<onup>5</onup>
				<include>dialogConfirmButton</include>
			</control>
		</control>
	</controls>
</window>