﻿<includes>
	<include name="FilesMenu">

	<control type="group">
		<visible>!Skin.HasSetting(global.kiosk)</visible>

		<control type="group" id="6000">
			<posx>-275</posx>
			<posy>20</posy>
			<visible allowhiddenfocus="true">ControlGroup(6000).HasFocus + !Skin.HasSetting(global.kiosk)</visible>
			<onright>50</onright>
			<include>pagemenus</include>
			<include>transition_WindowMenu</include>
			<include>toggle_NumItems-menumove</include>
			
	<!-- PICTURES --->			
			<control type="group">
				<visible>Window.IsActive(2)</visible>
				<control type="button" id="1">
					<description>Choose Viewtype</description>
					<label>$LOCALIZE[31930]</label>
					<onleft>1</onleft>
					<onup>90</onup>
					<ondown>3</ondown>
					<onright>50</onright>
					<onclick>SetFocus(40)</onclick>
					<include>contextButton</include>
					<visible allowhiddenfocus="true">!ControlGroup(40).HasFocus()</visible>
				</control>
				<control type="grouplist" id="40">
					<onup>40</onup>
					<ondown>40</ondown>
					<onleft>-</onleft>
					<onright>1</onright>
					<itemgap>-125</itemgap>
					<visible allowhiddenfocus="true">ControlGroup(40).HasFocus()</visible>
					<control type="button" id="41">
						<label>$LOCALIZE[535]</label>
						<onleft>1</onleft>
						<onright>1</onright>
						<onclick>Container.SetViewMode(50)</onclick>
						<include>contextButton</include>
					</control>
						<control type="button" id="42">
						<label>$LOCALIZE[31014]</label>
						<onleft>1</onleft>
						<onright>1</onright>
						<onclick>Container.SetViewMode(573)</onclick>
						<include>contextButton</include>
						<visible>Container().HasFiles + !IsEmpty(Container.FolderPath) + !substring(container.folderpath,addons://sources/)</visible>
					</control>
					<control type="button" id="44">
						<label>$LOCALIZE[31014]</label>
						<onleft>1</onleft>
						<onright>1</onright>
						<onclick>Container.SetViewMode(574)</onclick>
						<include>contextButton</include>
						<visible>substring(container.folderpath,addons://sources/image/)</visible>
					</control>
					<control type="button" id="45">
						<label>$LOCALIZE[31002]</label>
						<onleft>1</onleft>
						<onright>1</onright>
						<onclick>Container.SetViewMode(53)</onclick>
						<include>contextButton</include>
						<visible>Container().HasFiles + !IsEmpty(Container.FolderPath) + !substring(container.folderpath,addons://sources/)</visible>
					</control>
				</control>
				<control type="button" id="3">
					<description>Sort by button</description>
					<posy>43</posy>
					<label>103</label>
					<onright>50</onright>
					<onup>1</onup>
					<ondown>4</ondown>
					<include>contextButton</include>
					<visible>![ControlGroup(40).HasFocus() | ControlGroup(80).HasFocus()]</visible>
				</control>
				<control type="togglebutton" id="4">
					<description>ascending / descending</description>
					<posy>86</posy>
					<label>$LOCALIZE[584]</label>
					<altlabel>$LOCALIZE[585]</altlabel>
					<onright>50</onright>
					<onup>3</onup>
					<ondown>6</ondown>
					<include>contextButton</include>
					<onclick>Container.SortDirection</onclick>
					<onclick>Container.SortDirection</onclick>
					<visible>![ControlGroup(40).HasFocus() | ControlGroup(80).HasFocus()]</visible>
				</control>
				<control type="button" id="6">
					<description>SlideShow button</description>
					<posy>129</posy>
					<onright>50</onright>
					<onup>4</onup>
					<ondown>7</ondown>
					<label>108</label>
					<include>contextButton</include>
					<visible>![ControlGroup(40).HasFocus() | ControlGroup(80).HasFocus()]</visible>
				</control>
					<control type="button" id="7">
					<description>recursive slideshow</description>
					<label>361</label>
					<posy>171</posy>
					<onright>50</onright>
					<onup>6</onup>
					<ondown>9</ondown>
					<label>361</label>
					<include>contextButton</include>
					<visible>![ControlGroup(40).HasFocus() | ControlGroup(80).HasFocus()]</visible>
				</control>
				<control type="button" id="9">
					<description>Randomize button</description>
					<posy>214</posy>
					<onright>50</onright>
					<onup>7</onup>
					<ondown>30</ondown>
					<label>13319</label>
					<include>contextButton</include>
					<visible>![ControlGroup(40).HasFocus() | ControlGroup(80).HasFocus()]</visible>
				</control>
				<control type="button" id="30">
					<description>Favourites Button</description>
					<posy>256</posy>
					<label>1036</label>
					<onright>50</onright>
					<onclick>ActivateWindow(Favourites)</onclick>
					<onup>9</onup>
					<ondown>90</ondown>
					<include>contextButton</include>
					<visible>![ControlGroup(40).HasFocus() | ControlGroup(80).HasFocus()]</visible>
				</control>	
				<control type="button" id="90">
					<description>GALLERY: no fullscreen</description>
					<label>$LOCALIZE[31063]</label>
					<posy>299</posy>
					<onleft>2</onleft>
					<onright>50</onright>
					<onup>30</onup>
					<ondown>1</ondown>
					<onclick>Skin.ToggleSetting(galleryFull)</onclick>
					<onclick>Container.SetViewMode(53)</onclick>
					<selected>!Skin.HasSetting(galleryFull)</selected>
					<include>contextButton</include>
					<visible>Control.IsVisible(531) + ![ControlGroup(40).HasFocus() | ControlGroup(80).HasFocus()]</visible>
				</control>
				<control type="button" id="90">
					<description>GALLERY: fullscreen</description>
					<label>$LOCALIZE[31062]</label>
					<posy>299</posy>
					<onleft>2</onleft>
					<onright>50</onright>
					<onup>30</onup>
					<ondown>1</ondown>
					<onclick>Skin.ToggleSetting(galleryFull)</onclick>
					<onclick>Container.SetViewMode(531)</onclick>
					<selected>Skin.HasSetting(galleryFull)</selected>
					<include>contextButton</include>
					<visible>Control.IsVisible(53) + ![ControlGroup(40).HasFocus() | ControlGroup(80).HasFocus()]</visible>
				</control>
			</control>

	<!-- MUSIC --->		
			<control type="group">
				<visible>[Window.IsActive(501) | Window.IsActive(502)] + !Skin.HasSetting(global.kiosk)</visible>
				<control type="button" id="1">
					<description>Choose Viewtype</description>
					<label>$LOCALIZE[31930]</label>
					<onleft>-</onleft>
					<onup>90</onup>
					<ondown>3</ondown>
					<onright>50</onright>
					<onclick>SetFocus(40)</onclick>
					<include>contextButton</include>
					<visible allowhiddenfocus="true">!ControlGroup(40).HasFocus()</visible>
					<enable>false</enable>
				</control>
				<control type="button" id="3">
					<description>Sort by button</description>
					<posy>43</posy>
					<label>103</label>
					<onleft>-</onleft>
					<onright>50</onright>
					<onup>1</onup>
					<ondown>4</ondown>
					<include>contextButton</include>
					<visible>!ControlGroup(40).HasFocus()</visible>
				</control>
				<control type="togglebutton" id="4">
					<description>ascending / descending</description>
					<posy>86</posy>
					<label>$LOCALIZE[584]</label>
					<altlabel>$LOCALIZE[585]</altlabel>
					<onleft>-</onleft>
					<onright>50</onright>
					<onup>3</onup>
					<ondown>5</ondown>
					<include>contextButton</include>
					<onclick>Container.SortDirection</onclick>
					<onclick>Container.SortDirection</onclick>
					<visible>![ControlGroup(40).HasFocus() | ControlGroup(80).HasFocus()]</visible>
				</control>
				<control type="button" id="5">
					<description>Library button</description>
					<posy>129</posy>
					<label>$LOCALIZE[29800]</label>
					<onright>50</onright>
					<onup>4</onup>
					<ondown>30</ondown>
					<onclick>ReplaceWindow(MusicLibrary)</onclick>
					<include>contextButton</include>
					<visible>![ControlGroup(40).HasFocus() | ControlGroup(80).HasFocus()]</visible>
				</control>
				<control type="button" id="30">
					<description>Favourites Button</description>
					<posy>172</posy>
					<label>1036</label>
					<onleft>-</onleft>
					<onright>50</onright>
					<onclick>ActivateWindow(Favourites)</onclick>
					<onup>5</onup>
					<ondown>1</ondown>
					<include>contextButton</include>
					<visible>!ControlGroup(40).HasFocus()</visible>
				</control>
			</control>

	<!-- PROGRAMS --->						
			<control type="group">
				<visible>Window.IsActive(1) + !Skin.HasSetting(global.kiosk)</visible>
				<control type="button" id="1">
					<description>Choose Viewtype</description>
					<label>$LOCALIZE[31930]</label>
					<onleft>-</onleft>
					<onup>30</onup>
					<ondown>3</ondown>
					<onright>50</onright>
					<onclick>SetFocus(40)</onclick>
					<include>contextButton</include>
					<visible allowhiddenfocus="true">!ControlGroup(40).HasFocus()</visible>
				</control>
				<control type="grouplist" id="40">
					<onup>40</onup>
					<ondown>40</ondown>
					<onleft>1</onleft>
					<onright>1</onright>
					<itemgap>-125</itemgap>
					<visible allowhiddenfocus="true">ControlGroup(40).HasFocus()</visible>
					<control type="button" id="41">
						<label>$LOCALIZE[535]</label>
						<onleft>1</onleft>
						<onright>1</onright>
						<onup>1</onup>
						<onclick>Container.SetViewMode(50)</onclick>
						<include>contextButton</include>
					</control>
					<control type="button" id="42">
						<label>$LOCALIZE[31014]</label>
						<onleft>1</onleft>
						<onright>1</onright>
						<onclick>Container.SetViewMode(574)</onclick>
						<include>contextButton</include>
						<visible>Container.HasFiles + !IsEmpty(Container.FolderPath) + substring(container.folderpath,addons://sources/)</visible>
					</control>
				</control>
				<control type="button" id="3">
					<description>Sort by button</description>
					<posy>43</posy>
					<label>103</label>
					<onright>50</onright>
					<onup>1</onup>
					<ondown>30</ondown>
					<include>contextButton</include>
					<visible>!ControlGroup(40).HasFocus()</visible>
				</control>
				<control type="button" id="30">
					<description>Favourites Button</description>
					<posy>86</posy>
					<label>1036</label>
					<onright>50</onright>
					<onclick>ActivateWindow(Favourites)</onclick>
					<onup>3</onup>
					<ondown>1</ondown>
					<include>contextButton</include>
					<visible>!ControlGroup(40).HasFocus()</visible>
				</control>
			</control>

	<!-- ADD-ONS --->			
			<control type="group">
				<description>Slide Menu for addons</description>
				<visible>Window.IsActive(addonbrowser) + !Skin.HasSetting(global.kiosk)</visible>
				<control type="button" id="1">
					<description>Choose Viewtype</description>
					<label>$LOCALIZE[31930]</label>
					<onleft>-</onleft>
					<onup>5</onup>
					<ondown>13</ondown>
					<onright>50</onright>
					<onclick>SetFocus(40)</onclick>
					<include>contextButton</include>
					<visible allowhiddenfocus="true">!ControlGroup(40).HasFocus()</visible>
				</control>
				<control type="grouplist" id="40">
					<onup>40</onup>
					<ondown>40</ondown>
					<onleft>1</onleft>
					<onright>1</onright>
					<itemgap>-125</itemgap>
					<visible allowhiddenfocus="true">ControlGroup(40).HasFocus()</visible>
					<control type="button" id="41">
						<label>$LOCALIZE[535]</label>
						<onleft>1</onleft>
						<onright>1</onright>
						<onup>1</onup>
						<onclick>Container.SetViewMode(50)</onclick>
						<include>contextButton</include>
					</control>
					<control type="button" id="43">
						<label>$LOCALIZE[31014]</label>
						<onleft>1</onleft>
						<onright>1</onright>
						<onclick>Container.SetViewMode(574)</onclick>
						<include>contextButton</include>
						<visible>!IsEmpty(Container.FolderPath)</visible>
					</control>
				</control>
				
				<control type="button" id="13">
					<description>Sort by button</description>
					<posy>43</posy>
					<label>103</label>
					<onright>50</onright>
					<onup>1</onup>
					<ondown>30</ondown>
					<include>contextButton</include>
					<visible>!ControlGroup(40).HasFocus()</visible>
				</control>
				<control type="button" id="30">
					<description>Favourites Button</description>
					<posy>86</posy>
					<label>1036</label>
					<onright>50</onright>
					<onclick>ActivateWindow(Favourites)</onclick>
					<onup>13</onup>
					<ondown>5</ondown>
					<include>contextButton</include>
					<visible>!ControlGroup(40).HasFocus()</visible>
				</control>
				<control type="togglebutton" id="5">
					<description>auto-update</description>
					<posy>129</posy>
					<label>$LOCALIZE[24063]: $LOCALIZE[351]</label>
					<altlabel>$LOCALIZE[24063]: $LOCALIZE[31008]</altlabel>
					<onright>50</onright>
					<onup>30</onup>
					<ondown>1</ondown>
					<include>contextButton</include>
					<visible>!ControlGroup(40).HasFocus()</visible>
				</control>
			</control>						
			</control>
		</control>
	</include>
</includes>