﻿<fonts>
	
	<fontset id="Default" unicode="true">


<!-- login ------------------------>	
		<font>
			<name>username</name>
			<filename>RegularLow.ttf</filename>
			<size>24</size>
		</font>
<!--		<font>
			<name>mag</name>
			<filename>Fat.ttf</filename>
			<size>48</size>
		</font>
		<font>
			<name>mag2</name>
			<filename>Fat.ttf</filename>
			<size>26</size>
		</font>
		<font>
			<name>mag3</name>
			<filename>Fat.ttf</filename>
			<size>22</size>
		</font>
		<font>
			<name>mag4</name>
			<filename>Fat.ttf</filename>
			<size>22</size>
		</font>-->
<!-- home ------------------------>
		<font>
			<name>homeMenu</name>
			<filename>Light.ttf</filename>
			<size>55</size>
		</font>
		<font>
			<name>homeMenuFocus</name>
			<filename>SemiLight.ttf</filename>
			<size>55</size>
		</font>
		<font>
			<name>homeMenuInfo</name>
			<filename>Light.ttf</filename>
			<size>42</size>
		</font>
		<font>
			<name>homeMenu2</name>
			<filename>Fat.ttf</filename>
			<size>35</size>
		</font>
		<font>
			<name>rss</name>
			<filename>RegularCaps.ttf</filename>
			<size>18</size>
		</font>
	
<!-- page ------------------------>
		<font>
			<name>pagelabel</name>
			<filename>Light.ttf</filename>
			<size>52</size>
		</font>
		<font>
			<name>pagelabelAlt</name>
			<filename>Light.ttf</filename>
			<size>52</size>
		</font>
	
<!-- toast ------------------------>
		<font>
			<name>notification</name>
			<filename>SemilightCaps.ttf</filename>
			<size>20</size>
		</font>
		<font>
			<name>notificationSmall</name>
			<filename>SemilightCaps.ttf</filename>
			<size>18</size>
		</font>
		<font>
			<name>progress</name>
			<filename>LightCaps.ttf</filename>
			<size>42</size> 
		</font>
	
<!-- containers ------------------------>
		<font>
			<name>listCaps</name>
			<filename>RegularCaps.ttf</filename>
			<size>22</size>
		</font>
		<font>
			<name>listAlt</name>
			<filename>Regular.ttf</filename>
			<size>22</size>
		</font>
		<font>
			<name>list</name>
			<filename>RegularLow.ttf</filename>
			<size>22</size>
		</font>
		<font>
			<name>listBig</name>
			<filename>RegularLow.ttf</filename>
			<size>26</size>
		</font>
		<font>
			<name>listInfo</name>
			<filename>RegularCaps.ttf</filename>
			<size>18</size>
		</font>
	
<!-- views ------------------------>
		<font>
			<name>title</name>
			<filename>LightCaps.ttf</filename>
			<size>28</size>
		</font>
		<font>
			<name>titleAlt</name>
			<filename>LightAlt.ttf</filename>
			<size>28</size>
		</font>
		<font>
			<name>titleSmall</name>
			<filename>LightCaps.ttf</filename>
			<size>26</size>
		</font>
		<font>
			<name>titleSmaller</name>
			<filename>LightCaps.ttf</filename>
			<size>24</size>
		</font>
		<font>
			<name>titleLow</name>
			<filename>Light.ttf</filename>
			<size>28</size>
		</font>
		<font>
			<name>titleLow2</name>
			<filename>Light.ttf</filename>
			<size>34</size>
		</font>
		<font>
			<name>titleSpecial</name>
			<filename>Light.ttf</filename>
			<size>42</size>
		</font>
		<font>
			<name>info</name>
			<filename>RegularCaps.ttf</filename>
			<size>20</size>
		</font>
		<font>
			<name>description</name>
			<filename>Regular.ttf</filename>
			<size>22</size>
		</font>
		<font>
			<name>descriptionSmall</name>
			<filename>Regular.ttf</filename>
			<size>20</size>
		</font>
		<font>
			<name>descriptionBig</name>
			<filename>Regular.ttf</filename>
			<size>22</size>
		</font>
	
<!-- general ------------------------>
		<font>
			<name>bigAlt</name>
			<filename>Regular.ttf</filename>
			<size>26</size>
		</font>
		<font>
			<name>normal</name>
			<filename>RegularLow.ttf</filename>
			<size>22</size>
		</font>
		<font>
			<name>normalAlt</name>
			<filename>Regular.ttf</filename>
			<size>22</size>
		</font>
		<font>
			<name>normalCaps</name>
			<filename>RegularCaps.ttf</filename>
			<size>22</size>
		</font>
		<font>
			<name>small</name>
			<filename>RegularLow.ttf</filename>
			<size>20</size>
		</font>	
		<font>
			<name>smallAlt</name>
			<filename>Regular.ttf</filename>
			<size>20</size>
		</font>		
		<font>
			<name>smallCaps</name>
			<filename>RegularCaps.ttf</filename>
			<size>20</size>
		</font>
		<font>
			<name>smallBold</name>
			<filename>RegularLow.ttf</filename>
			<style>bold</style>
			<size>20</size>
		</font>	
		<font>
			<name>smallerCaps</name>
			<filename>RegularCaps.ttf</filename>
			<size>18</size>
		</font>

	
<!-- settings ------------------------>
		<font>
			<name>category</name>
			<filename>Light.ttf</filename>
			<size>30</size>
		</font>
		<font>
			<name>pagemenu</name>
			<filename>Light.ttf</filename>
			<size>34</size>
		</font>
	
<!-- OSD ------------------------>	
		<font>
			<name>osd1</name>
			<filename>LightCaps.ttf</filename>
			<size>36</size>
		</font>
		<font>
			<name>osd2</name>
			<filename>RegularCaps.ttf</filename>
			<size>20</size>
		</font>
		<font>
			<name>osd3</name>
			<filename>Light.ttf</filename>
			<size>48</size>
		</font>
		<font>
			<name>osd4</name>
			<filename>Light.ttf</filename>
			<size>38</size>
		</font>
		
	
<!-- dialogs ------------------------>		
		<font>
			<name>dialog1</name>
			<filename>Light.ttf</filename>
			<size>32</size>
		</font>
		<font>
			<name>dialog2</name>
			<filename>RegularLow.ttf</filename>
			<size>20</size>
		</font>
		<font>
			<name>dialogConfirmButton</name>
			<filename>RegularLow.ttf</filename>
			<size>20</size>
		</font>
		<font>
			<name>keyboard</name>
			<filename>Regular.ttf</filename>
			<size>20</size>
		</font>

<!-- dialogvideoinfo ----------------------------------------------------->		
		<font>
			<name>special6</name>
			<filename>RegularCaps.ttf</filename>
			<size>22</size>
		</font>
		<font>
			<name>special7</name>
			<filename>RegularOrg.ttf</filename>
			<size>24</size>
		</font>
		<font>
			<name>special5</name>
			<filename>LightCaps.ttf</filename>
			<size>42</size>
		</font>
		<font>
			<name>special2</name>
			<filename>Light.ttf</filename>
			<size>32</size>
		</font>
		<font>
			<name>special3</name>
			<filename>LightAlt.ttf</filename>
			<size>28</size>
		</font>
		
		<font>
			<name>special1</name>
			<filename>Fat.ttf</filename>
			<size>34</size>
		</font>
		<font>
			<name>special4</name>
			<filename>Fat.ttf</filename>
			<size>26</size>
		</font>
		<font>
			<name>special5</name>
			<filename>Fat.ttf</filename>
			<size>56</size>
		</font>
		




<!--- SCRIPT REFERENCE/LEGACY ---------------------------------------->
		<font>
			<name>font101</name>
			<filename>RegularOrg.ttf</filename>
			<size>14</size>
		</font>
		<font>
			<name>font10</name>
			<filename>RegularOrg.ttf</filename>
			<size>14</size>
			<style>bold</style>
		</font>
		<font>
			<name>font12</name>
			<filename>RegularOrg.ttf</filename>
			<size>16</size>
			<style>bold</style>
		</font>
		<font>
			<name>font13</name>
			<filename>RegularOrg.ttf</filename>
			<size>17</size>
		</font>
		<font>
			<name>special12</name>
			<filename>RegularOrg.ttf</filename>
			<size>19</size>
			<aspect>0.85</aspect>
		</font>
		<font>
			<name>special13</name>
			<filename>RegularOrg.ttf</filename>
			<size>19</size>
			<style>bold</style>
			<aspect>0.80</aspect>
		</font>	

	</fontset>











<!---------------------------------------------------------------------------------------------------------------------------------------------->
<!----- ALTERNATE ------------------------------------------------------------------------------------------------------------------------------>
<!---------------------------------------------------------------------------------------------------------------------------------------------->

	<fontset id="Alternate" unicode="true">
		<font>
			<name>rss</name>
			<filename>RegularCaps.ttf</filename>
			<size>18</size>
		</font>
		<font>
			<name>username</name>
			<filename>RegularLow.ttf</filename>
			<size>24</size>
		</font>

<!-- home ------------------------>
		<font>
			<name>homeMenu</name>
			<filename>Light.ttf</filename>
			<size>55</size>
		</font>
		<font>
			<name>homeMenuFocus</name>
			<filename>SemiLight.ttf</filename>
			<size>55</size>
		</font>
		<font>
			<name>homeMenuInfo</name>
			<filename>Light.ttf</filename>
			<size>42</size>
		</font>

<!-- page ------------------------>
		<font>
			<name>pagelabel</name>
			<filename>Light.ttf</filename>
			<size>52</size>
		</font>
		<font>
			<name>pagelabelAlt</name>
			<filename>LightAlt.ttf</filename>
			<size>52</size>
		</font>

<!-- toast ------------------------>
		<font>
			<name>notification</name>
			<filename>SemilightCaps.ttf</filename>
			<size>20</size>
		</font>
		<font>
			<name>notificationSmall</name>
			<filename>SemilightCaps.ttf</filename>
			<size>18</size>
		</font>
		<font>
			<name>progress</name>
			<filename>LightCaps.ttf</filename>
			<size>42</size> 
		</font>

<!-- containers ------------------------>
		<font>
			<name>list</name>
			<filename>RegularLow.ttf</filename>
			<size>22</size>
		</font>
		<font>
			<name>listBig</name>
			<filename>Regular.ttf</filename>
			<size>26</size>
		</font>
		<font>
			<name>listInfo</name>
			<filename>RegularCaps.ttf</filename>
			<size>18</size>
		</font>
		<font>
			<name>listAlt</name>
			<filename>Regular.ttf</filename>
			<size>22</size>
		</font>

<!-- views ------------------------>
		<font>
			<name>title</name>
			<filename>LightCaps.ttf</filename>
			<size>28</size>
		</font>
		<font>
			<name>titleSmall</name>
			<filename>LightCaps.ttf</filename>
			<size>26</size>
		</font>
		<font>
			<name>titleLow</name>
			<filename>Light.ttf</filename>
			<size>28</size>
		</font>
		<font>
			<name>titleSpecial</name>
			<filename>Light.ttf</filename>
			<size>42</size>
		</font>
		<font>
			<name>titleSmaller</name>
			<filename>LightCaps.ttf</filename>
			<size>24</size>
		</font>
		<font>
			<name>info</name>
			<filename>RegularCaps.ttf</filename>
			<size>20</size>
		</font>
		<font>
			<name>description</name>
			<filename>Regular.ttf</filename>
			<size>22</size>
		</font>
		<font>
			<name>descriptionSmall</name>
			<filename>Regular.ttf</filename>
			<size>20</size>
		</font>

<!-- general ------------------------>
		<font>
			<name>normal</name>
			<filename>RegularLow.ttf</filename>
			<size>22</size>
		</font>
		<font>
			<name>normalAlt</name>
			<filename>Regular.ttf</filename>
			<size>22</size>
		</font>
		<font>
			<name>normalCaps</name>
			<filename>RegularCaps.ttf</filename>
			<size>22</size>
		</font>
		<font>
			<name>small</name>
			<filename>RegularLow.ttf</filename>
			<size>20</size>
		</font>		
		<font>
			<name>smallCaps</name>
			<filename>RegularCaps.ttf</filename>
			<size>20</size>
		</font>
		<font>
			<name>smallerCaps</name>
			<filename>RegularCaps.ttf</filename>
			<size>18</size>
		</font>
		<font>
			<name>smallAlt</name>
			<filename>Regular.ttf</filename>
			<size>20</size>
		</font>		

<!-- settings ------------------------>
		<font>
			<name>category</name>
			<filename>Light.ttf</filename>
			<size>30</size>
		</font>
		<font>
			<name>pagemenu</name>
			<filename>Light.ttf</filename>
			<size>34</size>
		</font>

<!-- OSD ------------------------>	
		<font>
			<name>osd1</name>
			<filename>LightCaps.ttf</filename>
			<size>36</size>
		</font>
		<font>
			<name>osd2</name>
			<filename>RegularCaps.ttf</filename>
			<size>20</size>
		</font>
		<font>
			<name>osd3</name>
			<filename>Light.ttf</filename>
			<size>48</size>
		</font>
		<font>
			<name>osd4</name>
			<filename>Light.ttf</filename>
			<size>38</size>
		</font>

<!-- dialogs ------------------------>		
		<font>
			<name>dialog1</name>
			<filename>Light.ttf</filename>
			<size>32</size>
		</font>
		<font>
			<name>dialog2</name>
			<filename>RegularLow.ttf</filename>
			<size>20</size>
		</font>
		<font>
			<name>dialogConfirmButton</name>
			<filename>RegularLow.ttf</filename>
			<size>22</size>
		</font>
		<font>
			<name>keyboard</name>
			<filename>RegularOrg.ttf</filename>
			<size>20</size>
		</font>

<!-- dialogvideoinfo ----------------------------------------------------->		
		<font>
			<name>special6</name>
			<filename>RegularCaps.ttf</filename>
			<size>22</size>
		</font>
		<font>
			<name>special7</name>
			<filename>RegularOrg.ttf</filename>
			<size>24</size>
		</font>
		<font>
			<name>special5</name>
			<filename>LightCaps.ttf</filename>
			<size>42</size>
		</font>
		<font>
			<name>special2</name>
			<filename>Light.ttf</filename>
			<size>32</size>
		</font>
		<font>
			<name>special3</name>
			<filename>LightAlt.ttf</filename>
			<size>28</size>
		</font>
		
		<font>
			<name>special1</name>
			<filename>Fat.ttf</filename>
			<size>34</size>
		</font>
		<font>
			<name>special4</name>
			<filename>Fat.ttf</filename>
			<size>26</size>
		</font>
		<font>
			<name>special5</name>
			<filename>Fat.ttf</filename>
			<size>56</size>
		</font>


<!--- SCRIPT REFERENCE/LEGACY ---------------------------------------->
		<font>
			<name>font101</name>
			<filename>RegularOrg.ttf</filename>
			<size>14</size>
		</font>
		<font>
			<name>font10</name>
			<filename>RegularOrg.ttf</filename>
			<size>14</size>
			<style>bold</style>
		</font>
		<font>
			<name>font12</name>
			<filename>RegularOrg.ttf</filename>
			<size>16</size>
			<style>bold</style>
		</font>
		<font>
			<name>font13</name>
			<filename>RegularOrg.ttf</filename>
			<size>17</size>
		</font>
		<font>
			<name>special12</name>
			<filename>RegularOrg.ttf</filename>
			<size>19</size>
			<aspect>0.85</aspect>
		</font>
		<font>
			<name>special13</name>
			<filename>RegularOrg.ttf</filename>
			<size>19</size>
			<style>bold</style>
			<aspect>0.80</aspect>
		</font>	
	</fontset>














































<fontset id="Unicode" unicode="true">
		<font>
			<name>rss</name>
			<filename>Arial.ttf</filename>
			<size>18</size>
		</font>
		<font>
			<name>username</name>
			<filename>Arial.ttf</filename>
			<size>24</size>
		</font>

<!-- home ------------------------>
		<font>
			<name>homeMenu</name>
			<filename>Arial.ttf</filename>
			<size>55</size>
		</font>
		<font>
			<name>homeMenuFocus</name>
			<filename>Arial.ttf</filename>
			<size>55</size>
		</font>
		<font>
			<name>homeMenuInfo</name>
			<filename>Arial.ttf</filename>
			<size>42</size>
		</font>

		<font>
			<name>homeMenu2</name>
			<filename>Arial.ttf</filename>
			<size>35</size>
		</font>

<!-- page ------------------------>
		<font>
			<name>pagelabel</name>
			<filename>Arial.ttf</filename>
			<size>52</size>
			<aspect>0.95</aspect>
		</font>
		<font>
			<name>pagelabelAlt</name>
			<filename>Arial.ttf</filename>
			<size>52</size>
			<aspect>0.95</aspect>
		</font>

<!-- toast ------------------------>
		<font>
			<name>notification</name>
			<filename>Arial.ttf</filename>
			<size>20</size>
		</font>
		<font>
			<name>notificationSmall</name>
			<filename>Arial.ttf</filename>
			<size>18</size>
		</font>
		<font>
			<name>progress</name>
			<filename>Arial.ttf</filename>
			<size>42</size> 
		</font>

<!-- containers ------------------------>
		<font>
			<name>list</name>
			<filename>Arial.ttf</filename>
			<size>22</size>
		</font>
		<font>
			<name>listBig</name>
			<filename>Arial.ttf</filename>
			<aspect>0.95</aspect>
			<size>26</size>
		</font>
		<font>
			<name>listInfo</name>
			<filename>Arial.ttf</filename>
			<aspect>0.90</aspect>
			<size>20</size>
		</font>
		<font>
			<name>listAlt</name>
			<filename>Arial.ttf</filename>
			<size>22</size>
		</font>

<!-- views ------------------------>
		<font>
			<name>title</name>
			<filename>Arial.ttf</filename>
			<size>28</size>
		</font>
		<font>
			<name>titleSmall</name>
			<filename>Arial.ttf</filename>
			<size>26</size>
		</font>
		<font>
			<name>titleLow</name>
			<filename>Arial.ttf</filename>
			<size>28</size>
		</font>
		<font>
			<name>titleSpecial</name>
			<filename>Arial.ttf</filename>
			<size>42</size>
		</font>
		<font>
			<name>info</name>
			<filename>Arial.ttf</filename>
			<size>20</size>
		</font>
		<font>
			<name>description</name>
			<filename>Arial.ttf</filename>
			<size>22</size>
		</font>
		<font>
			<name>descriptionSmall</name>
			<filename>Arial.ttf</filename>
			<size>20</size>
		</font>

<!-- general ------------------------>
		<font>
			<name>normal</name>
			<filename>Arial.ttf</filename>
			<size>22</size>
		</font>
		<font>
			<name>normalAlt</name>
			<filename>Arial.ttf</filename>
			<size>22</size>
		</font>
		<font>
			<name>normalCaps</name>
			<filename>Arial.ttf</filename>
			<size>22</size>
		</font>
		<font>
			<name>small</name>
			<filename>Arial.ttf</filename>
			<size>20</size>
		</font>		
		<font>
			<name>smallCaps</name>
			<filename>Arial.ttf</filename>
			<size>20</size>
		</font>
		<font>
			<name>smallerCaps</name>
			<filename>Arial.ttf</filename>
			<size>18</size>
		</font>


<!-- settings ------------------------>
		<font>
			<name>category</name>
			<filename>Arial.ttf</filename>
			<size>30</size>
		</font>
		<font>
			<name>pagemenu</name>
			<filename>Arial.ttf</filename>
			<size>34</size>
		</font>

<!-- OSD ------------------------>	
		<font>
			<name>osd1</name>
			<filename>Arial.ttf</filename>
			<size>42</size>
		</font>
		<font>
			<name>osd2</name>
			<filename>Arial.ttf</filename>
			<size>20</size>
		</font>
		<font>
			<name>osd3</name>
			<filename>Arial.ttf</filename>
			<size>42</size>
		</font>

<!-- dialogs ------------------------>		
		<font>
			<name>dialog1</name>
			<filename>Arial.ttf</filename>
			<size>32</size>
		</font>
		<font>
			<name>dialog2</name>
			<filename>Arial.ttf</filename>
			<size>20</size>
		</font>
		<font>
			<name>dialogConfirmButton</name>
			<filename>Arial.ttf</filename>
			<size>20</size>
		</font>
		<font>
			<name>keyboard</name>
			<filename>Arial.ttf</filename>
			<size>20</size>
		</font>




<!-- dialogvideoinfo ----------------------------------------------------->		
		<font>
			<name>special6</name>
			<filename>Arial.ttf</filename>
			<size>22</size>
		</font>
		<font>
			<name>special7</name>
			<filename>Arial.ttf</filename>
			<size>24</size>
		</font>
		<font>
			<name>special5</name>
			<filename>Arial.ttf</filename>
			<size>42</size>
		</font>
		<font>
			<name>special2</name>
			<filename>Arial.ttf</filename>
			<size>32</size>
		</font>
		<font>
			<name>special3</name>
			<filename>Arial.ttf</filename>
			<size>28</size>
		</font>


<!--- SCRIPT REFERENCE/LEGACY ---------------------------------------->
		<font>
			<name>font101</name>
			<filename>Arial.ttf</filename>
			<size>14</size>
		</font>
		<font>
			<name>font10</name>
			<filename>Arial.ttf</filename>
			<size>14</size>
			<style>bold</style>
		</font>
		<font>
			<name>font12</name>
			<filename>Arial.ttf</filename>
			<size>16</size>
			<style>bold</style>
		</font>
		<font>
			<name>font13</name>
			<filename>Arial.ttf</filename>
			<size>17</size>
		</font>
		<font>
			<name>special12</name>
			<filename>Arial.ttf</filename>
			<size>19</size>
			<aspect>0.85</aspect>
		</font>
		<font>
			<name>special13</name>
			<filename>Arial.ttf</filename>
			<size>19</size>
			<style>bold</style>
			<aspect>0.80</aspect>
		</font>	
	</fontset>
</fonts>
