﻿<includes>
	<include name="homeSubMenu">
	
	<control type="group" id="1100">
		<posy>20</posy>

<!-- VIDEO SUBMENU ----------------------------------------------------------------------------------------------->	
			<control type="list" id="1110">
				<posx>-800</posx>
				<width>900</width>
				<height>900</height>
				<onup>1110</onup>
				<ondown>1110</ondown>
				<onleft>9000</onleft>
				<orientation>vertical</orientation>
				<scrolltime>150</scrolltime>
				<include>home_SubFocus</include>
				<include>homeMenusLayout</include>
				<visible allowhiddenfocus="true">Container(9000).HasFocus(1)</visible>
				<content>
					<item id="1">
						<label>$LOCALIZE[342]</label>
						<onclick>ActivateWindow(MyVideoLibrary,movietitles)</onclick>
						<onclick>Dialog.Close(shutdownmenu)</onclick>
						<visible>Library.HasContent(movies)</visible>
					</item>
					<item id="2">
						<label>$LOCALIZE[31023]</label>
						<onclick>ActivateWindow(MyVideoLibrary,tvshowtitles)</onclick>
						<onclick>Dialog.Close(shutdownmenu)</onclick>
						<visible>Library.HasContent(tvshows)</visible>
					</item>
					<item id="3">
						<label>$LOCALIZE[31095]</label>
						<onclick>ActivateWindow(MyVideoLibrary,recentlyaddedmovies)</onclick>
						<onclick>Dialog.Close(shutdownmenu)</onclick>
						<visible>Library.HasContent(movies) + Skin.HasSetting(videomenu.recentvideo)</visible>
					</item>
					<item id="4">
						<label>$LOCALIZE[31094]</label>
						<onclick>ActivateWindow(MyVideoLibrary,recentlyaddedepisodes)</onclick>
						<onclick>Dialog.Close(shutdownmenu)</onclick>
						<visible>Library.HasContent(tvshows) + Skin.HasSetting(videomenu.recentvideo)</visible>
					</item>
					<item id="5">
						<label>$LOCALIZE[31024]</label>
						<onclick>ActivateWindow(MyVideoLibrary,musicvideotitles)</onclick>
						<onclick>Dialog.Close(shutdownmenu)</onclick>
						<visible>Library.HasContent(musicvideos)</visible>
					</item>
					<item id="6">
						<label>$INFO[Skin.String(videomenu.playlist1.label)]</label>
						<onclick>ActivateWindow(myvideolibrary,$INFO[Skin.String(videomenu.playlist1.path)])</onclick>
						<onclick>Dialog.Close(shutdownmenu)</onclick>
						<visible>Skin.HasSetting(videomenu.playlist1)</visible>
					</item>
					<item id="7">
						<label>$INFO[Skin.String(videomenu.playlist2.label)]</label>
						<onclick>ActivateWindow(myvideolibrary,$INFO[Skin.String(videomenu.playlist2.path)])</onclick>
						<onclick>Dialog.Close(shutdownmenu)</onclick>
						<visible>Skin.HasSetting(videomenu.playlist2)</visible>
					</item>
					<item id="8">
						<label>$INFO[Skin.String(videomenu.playlist3.label)]</label>
						<onclick>ActivateWindow(myvideolibrary,$INFO[Skin.String(videomenu.playlist3.path)])</onclick>
						<onclick>Dialog.Close(shutdownmenu)</onclick>
						<visible>Skin.HasSetting(videomenu.playlist3)</visible>
					</item>
					<item id="9">
						<label>$INFO[Skin.String(videomenu.playlist4.label)]</label>
						<onclick>ActivateWindow(myvideolibrary,$INFO[Skin.String(videomenu.playlist4.path)])</onclick>
						<onclick>Dialog.Close(shutdownmenu)</onclick>
						<visible>Skin.HasSetting(videomenu.playlist4)</visible>
					</item>
					<item id="10">
						<label>$LOCALIZE[24001]</label>
						<onclick>ActivateWindow(VideoLibrary,Addons)</onclick>
						<onclick>Dialog.Close(shutdownmenu)</onclick>
						<visible>Library.HasContent(Video)</visible>
					</item>
					<item id="11">
						<label>$LOCALIZE[31052]</label>
						<onclick>XBMC.ActivateWindow(MyVideoLibrary, plugin://plugin.video.apple.movie.trailers.lite/)</onclick>
						<onclick>Dialog.Close(shutdownmenu)</onclick>
						<visible>Skin.HasSetting(videomenu.trailers) + system.hasaddon(plugin.video.apple.movie.trailers.lite)</visible>
					</item>
					<item id="12">
						<label>$LOCALIZE[136]</label>
						<onclick>ActivateWindow(MyVideoLibrary,playlists)</onclick>
						<onclick>Dialog.Close(shutdownmenu)</onclick>
						<visible>Skin.HasSetting(videomenu.videoplaylists)</visible>
					</item>
					<item id="13">
						<label>$LOCALIZE[1024]</label>
						<onclick>ActivateWindow(Videos,Files)</onclick>
						<onclick>Dialog.Close(shutdownmenu)</onclick>
					</item>
				</content>
			</control>


<!-- MUSIC SUBMENU ----------------------------------------------------------------------------------------------->	
			<control type="list" id="1120">
				<posx>-800</posx>
				<width>900</width>
				<height>800</height>
				<onup>1120</onup>
				<ondown>1120</ondown>
				<onleft>9000</onleft>
				<orientation>vertical</orientation>
				<scrolltime>150</scrolltime>
				<visible>Container(9000).HasFocus(2)</visible>
				<include>home_SubFocus</include>
				<include>homeMenusLayout</include>
				<content>
					<item id="1">
						<label>$LOCALIZE[132]</label>
						<onclick>ActivateWindow(MyMusicLibrary,albums)</onclick>
						<onclick>Dialog.Close(shutdownmenu)</onclick>
						<visible>Library.HasContent(Music)</visible>
					</item>
					<item id="2">
						<label>$LOCALIZE[31970]</label>
						<onclick>ActivateWindow(MyMusicLibrary,recentlyaddedalbums)</onclick>
						<onclick>Dialog.Close(shutdownmenu)</onclick>
						<visible>Library.HasContent(Music) + Skin.HasSetting(musicmenu.recent)</visible>
					</item>
					<item id="3">
						<label>$LOCALIZE[31971]</label>
						<onclick>ActivateWindow(MyMusicLibrary,recentlyplayedalbums)</onclick>
						<onclick>Dialog.Close(shutdownmenu)</onclick>
						<visible>Library.HasContent(Music) + Skin.HasSetting(musicmenu.recent)</visible>
					</item>
					<item id="4">
						<label>$LOCALIZE[133]</label>
						<onclick>ActivateWindow(MyMusicLibrary,artists)</onclick>
						<onclick>Dialog.Close(shutdownmenu)</onclick>
						<visible>Library.HasContent(Music) + !Skin.HasSetting(musicmenu.artists)</visible>
					</item>
					<item id="5">
						<label>$LOCALIZE[135]</label>
						<onclick>ActivateWindow(MyMusicLibrary,genres)</onclick>
						<onclick>Dialog.Close(shutdownmenu)</onclick>
						<visible>Library.HasContent(Music) + !Skin.HasSetting(musicmenu.genres)</visible>
					</item>
					<item id="9">
						<label>$LOCALIZE[24001]</label>
						<onclick>ActivateWindow(MusicLibrary,Addons)</onclick>
						<onclick>Dialog.Close(shutdownmenu)</onclick>
						<visible>Library.HasContent(Music)</visible>
					</item>
					<item id="6">
						<label>$LOCALIZE[136]</label>
						<onclick>ActivateWindow(MyMusicLibrary,playlists)</onclick>
						<onclick>Dialog.Close(shutdownmenu)</onclick>
						<visible>Skin.HasSetting(musicmenu.playlists)</visible>
					</item>
					<item id="7">
						<label>$LOCALIZE[589]</label>
						<onclick>XBMC.PlayerControl(Partymode)</onclick>
						<onclick>Dialog.Close(shutdownmenu)</onclick>
						<visible>Library.HasContent(Music) + Skin.HasSetting(musicmenu.partymode)</visible>
					</item>
					<item id="8">
						<label>LastFM</label>
						<onclick>ActivateWindow(MyMusicLibrary,lastfm://)</onclick>
						<onclick>Dialog.Close(shutdownmenu)</onclick>
						<visible>Skin.HasSetting(musicmenu.lastfm)</visible>
					</item>
					<item id="9">
						<label>$LOCALIZE[31024]</label>
						<onclick>ActivateWindow(MyVideoLibrary,musicvideotitles)</onclick>
						<onclick>Dialog.Close(shutdownmenu)</onclick>
						<visible>Library.HasContent(musicvideos)</visible>
					</item>
					<item id="10">
						<label>$LOCALIZE[1024]</label>
						<onclick>ActivateWindow(MyMusicFiles)</onclick>
						<onclick>Dialog.Close(shutdownmenu)</onclick>
					</item>
				</content>
			</control>


<!-- PICTURES SUBMENU ----------------------------------------------------------------------------------------------->	
			<control type="list" id="1130">
				<posx>-800</posx>
				<width>900</width>
				<height>800</height>
				<onup>1130</onup>
				<ondown>1130</ondown>
				<onleft>9000</onleft>
				<orientation>vertical</orientation>
				<scrolltime>150</scrolltime>
				<visible allowhiddenfocus="true">Container(9000).HasFocus(4)</visible>
				<include>home_SubFocus</include>
				<include>homeMenusLayout</include>
				<content>
					<item id="1">
						<label>$LOCALIZE[1024]</label>
						<onclick>ActivateWindow(2)</onclick>
						<onclick>Dialog.Close(shutdownmenu)</onclick>
					</item>
					<item id="2">
						<label>$LOCALIZE[24001]</label>
						<onclick>ActivateWindow(Pictures,Addons)</onclick>
						<onclick>Dialog.Close(shutdownmenu)</onclick>
					</item>
				</content>
			</control>
		
		
<!-- ACCESSORIES SUBMENU ----------------------------------------------------------------------------------------------->	
			<control type="list" id="1140">
				<posx>-800</posx>
				<width>900</width>
				<height>800</height>
				<onup>1140</onup>
				<ondown>1140</ondown>
				<onleft>9000</onleft>
				<orientation>vertical</orientation>
				<scrolltime>150</scrolltime>
				<visible allowhiddenfocus="true">Container(9000).HasFocus(6)</visible>
				<include>home_SubFocus</include>
				<include>homeMenusLayout</include>
				<content>
					<item id="1">
						<label>$LOCALIZE[1036]</label>
						<onclick>ActivateWindow(Favourites)</onclick>
						<onclick>Dialog.Close(shutdownmenu)</onclick>
						<visible>!Skin.HasSetting(homemenu.favourites)</visible>
					</item>
					<item id="2">
						<label>$LOCALIZE[0]</label>
						<onclick>ActivateWindow(Programs,Addons,return)</onclick>
						<onclick>Dialog.Close(shutdownmenu)</onclick>
						<visible>Skin.HasSetting(homemenu.programs)</visible>
					</item>
					<item id="2">
						<label>$LOCALIZE[31965]</label>
						<onclick>ActivateWindow(addonbrowser)</onclick>
						<onclick>Dialog.Close(shutdownmenu)</onclick>
					</item>
					<item id="3">
						<label>$LOCALIZE[8]</label>
						<onclick>ActivateWindow(2600)</onclick>
						<onclick>Dialog.Close(shutdownmenu)</onclick>
						<visible>!Skin.HasSetting(homemenu.weather)</visible>
					</item>
					<item id="4">
						<label>$LOCALIZE[7]</label>
						<onclick>ActivateWindow(Filemanager)</onclick>
						<onclick>Dialog.Close(shutdownmenu)</onclick>
					</item>
					<item id="5">
						<label>$LOCALIZE[130]</label>
						<onclick>ActivateWindow(SystemInfo)</onclick>
						<onclick>Dialog.Close(shutdownmenu)</onclick>
					</item>
				</content>
			</control>
		
		
<!-- SETTINGS SUBMENU ----------------------------------------------------------------------------------------------->	
			<control type="list" id="1150">
				<posx>-800</posx>
				<posy>-25</posy>
				<width>900</width>
				<height>800</height>
				<onup>1150</onup>
				<ondown>1150</ondown>
				<onleft>9000</onleft>
				<orientation>vertical</orientation>
				<scrolltime>150</scrolltime>
				<visible allowhiddenfocus="true">Container(9000).HasFocus(8)</visible>
				<include>home_SubFocus</include>
				<include>homeMenusLayout</include>
				<content>
					<item id="0">
						<label>$LOCALIZE[166]</label>
						<onclick>ActivateWindow(59)</onclick>
						<onclick>Dialog.Close(shutdownmenu)</onclick>
					</item>
					<item id="1">
						<label>$LOCALIZE[480]</label>
						<onclick>ActivateWindow(appearancesettings)</onclick>
						<onclick>Dialog.Close(shutdownmenu)</onclick>
					</item>
					<item id="2">
						<label>$LOCALIZE[1212]</label>
						<onclick>ActivateWindow(videossettings)</onclick>
						<onclick>Dialog.Close(shutdownmenu)</onclick>
					</item>
					<item id="4">
						<label>$LOCALIZE[10005]</label>
						<onclick>ActivateWindow(musicsettings)</onclick>
						<onclick>Dialog.Close(shutdownmenu)</onclick>
					</item>
					<item id="5">
						<label>$LOCALIZE[31090]</label>
						<onclick>ActivateWindow(tvsettings)</onclick>
						<onclick>Dialog.Close(shutdownmenu)</onclick>
					</item>
					<item id="6">
						<label>$LOCALIZE[10002]</label>
						<onclick>ActivateWindow(picturessettings)</onclick>
						<onclick>Dialog.Close(shutdownmenu)</onclick>
					</item>	
					<item id="7">
						<label>$LOCALIZE[24001]</label>
						<onclick>ActivateWindow(addonbrowser)</onclick>
						<onclick>Dialog.Close(shutdownmenu)</onclick>
					</item>	
					<item id="8">
						<label>$LOCALIZE[13279]</label>
						<onclick>ActivateWindow(networksettings)</onclick>
						<onclick>Dialog.Close(shutdownmenu)</onclick>
					</item>
					<item id="9">
						<label>$LOCALIZE[8]</label>
						<onclick>ActivateWindow(weathersettings)</onclick>
						<onclick>Dialog.Close(shutdownmenu)</onclick>
					</item>
					<item id="10">
						<label>$LOCALIZE[13000]</label>
						<onclick>ActivateWindow(systemsettings)</onclick>
						<onclick>Dialog.Close(shutdownmenu)</onclick>
					</item>
					<item id="11">
						<label>$LOCALIZE[13200]</label>
						<onclick>ActivateWindow(34)</onclick>
						<onclick>Dialog.Close(shutdownmenu)</onclick>
					</item>
				</content>
			</control>


<!-- EXIT SUBMENU ----------------------------------------------------------------------------------------------->	
			<control type="list" id="1160">
				<posx>-800</posx>
				<width>900</width>
				<height>800</height>
				<onup>1160</onup>
				<ondown>1160</ondown>
				<onleft>9000</onleft>
				<orientation>vertical</orientation>
				<scrolltime>150</scrolltime>
				<visible allowhiddenfocus="true">Container(9000).HasFocus(13)</visible>
				<include>home_SubFocus</include>
				<include>homeMenusLayout</include>
				<content>
					<item id="1">
						<label>$LOCALIZE[20126]</label>
						<onclick>Dialog.Close(shutdownmenu)</onclick>
						<onclick>dialog.close(all,true)</onclick>
						<onclick>system.logoff</onclick>
					</item>
					<item id="2">
						<label>$LOCALIZE[13009]</label>
						<onclick>Dialog.Close(shutdownmenu)</onclick>
						<onclick>XBMC.Quit()</onclick>
						<visible>!System.Platform.Xbox</visible>
					</item>
					<item id="3">
						<label>$LOCALIZE[13011]</label>
						<onclick>Dialog.Close(shutdownmenu)</onclick>
						<onclick>XBMC.Suspend</onclick>
						<visible>System.CanSuspend</visible>
					</item>
					<item id="4">
						<label>$LOCALIZE[13010]</label>
						<onclick>Dialog.Close(shutdownmenu)</onclick>
						<onclick>XBMC.Hibernate</onclick>
						<visible>System.CanHibernate</visible>
					</item>
					<item id="5">
						<label>$LOCALIZE[13005]</label>
						<onclick>Dialog.Close(shutdownmenu)</onclick>
						<onclick>XBMC.ShutDown</onclick>
					</item>
					<item id="6">
						<label>$LOCALIZE[31911]</label>
						<onclick>Dialog.Close(shutdownmenu)</onclick>
						<onclick>XBMC.AlarmClock(shutdowntimer,XBMC.ShutDown(),30)</onclick>
						<visible>System.LoggedOn + Skin.HasSetting(homemenu.shutdown)</visible>
					</item>
					<item id="7">
						<label>$LOCALIZE[31912]</label>
						<onclick>Dialog.Close(shutdownmenu)</onclick>
						<onclick>XBMC.AlarmClock(shutdowntimer,XBMC.ShutDown(),60)</onclick>
						<visible>System.LoggedOn + Skin.HasSetting(homemenu.shutdown)</visible>
					</item>
					<item id="8">
						<label>$LOCALIZE[31913]</label>
						<onclick>Dialog.Close(shutdownmenu)</onclick>
						<onclick>XBMC.AlarmClock(shutdowntimer,XBMC.ShutDown(),120)</onclick>
						<visible>System.LoggedOn + Skin.HasSetting(homemenu.shutdown)</visible>
					</item>
					<item id="9">
						<label>$LOCALIZE[13013]</label>
						<onclick>Dialog.Close(shutdownmenu)</onclick>
						<onclick>XBMC.Reboot()</onclick>
						<visible>!System.Platform.Xbox</visible>
					</item>
					<item id="10">
						<label>$LOCALIZE[13014]</label>
						<onclick>Dialog.Close(shutdownmenu)</onclick>
						<onclick>XBMC.Minimize()</onclick>
						<visible>!System.Platform.Xbox</visible>
					</item>
				</content>
			</control>

<!-- LIVE TV SUBMENU ----------------------------------------------------------------------------------------------->	
			<control type="list" id="1170">
				<posx>-800</posx>
				<width>900</width>
				<height>800</height>
				<onup>1170</onup>
				<ondown>1170</ondown>
				<onleft>9000</onleft>
				<orientation>vertical</orientation>
				<scrolltime>150</scrolltime>
				<visible allowhiddenfocus="true">Container(9000).HasFocus(3)</visible>
				<include>home_SubFocus</include>
				<include>homeMenusLayout</include>
				<content>
					<item id="1">
						<description>channels</description>
						<label>$LOCALIZE[19019]</label>
						<onclick>ActivateWindow(TV)</onclick>
						<onclick>Setfocus(32)</onclick>
						<onclick>Setfocus(11)</onclick>
					</item>
					<item id="2">
						<description>guide</description>
						<label>$LOCALIZE[31987]</label>
						<onclick>ActivateWindow(TV)</onclick>
						<onclick>Setfocus(31)</onclick>
						<onclick>Setfocus(11)</onclick>
					</item>
					<item id="3">
						<description>recordings</description>
						<label>$LOCALIZE[19163]</label>
						<onclick>ActivateWindow(TV)</onclick>
						<onclick>Setfocus(34)</onclick>
						<onclick>Setfocus(13)</onclick>
					</item>
					<item id="4">
						<label>$LOCALIZE[19040]</label>
						<onclick>ActivateWindow(TV)</onclick>
						<onclick>Setfocus(35)</onclick>
						<onclick>Setfocus(14)</onclick>
					</item>
				</content>
			</control>


<!-- DISC SUBMENU ----------------------------------------------------------------------------------------------->	
			<control type="list" id="1180">
				<posx>-800</posx>
				<width>900</width>
				<height>800</height>
				<onup>1170</onup>
				<ondown>1170</ondown>
				<onleft>9000</onleft>
				<orientation>vertical</orientation>
				<scrolltime>150</scrolltime>
				<visible allowhiddenfocus="true">Container(9000).HasFocus(12)</visible>
				<include>home_SubFocus</include>
				<include>homeMenusLayout</include>
				<content>
					<item id="1">
						<description>play</description>
						<label>$LOCALIZE[208]</label>
						<onclick>PlayDVD</onclick>
					</item>
					<item id="2">
						<description>eject</description>
						<label>$LOCALIZE[13391]</label>
						<onclick>EjectTray()</onclick>
					</item>
				</content>
			</control>
		</control>
	</include>
</includes>