﻿<includes>
	<include name="InfoDialogMenu">
		<include>pageContextMenu</include>
		
		<control type="group">
			<visible>!Skin.HasSetting(global.kiosk)</visible>
			<control type="group" id="6000">
				<posx>-275</posx>
				<posy>20</posy>
				<width>800</width>
				<height>800</height>
				<orientation>vertical</orientation>
				<include>pagemenus</include>
				<include>transition_WindowMenu</include>
				<visible allowhiddenfocus="true">ControlGroup(6000).HasFocus + !Skin.HasSetting(global.kiosk) + ![Window.IsActive(101) | Window.IsActive(filebrowser)]</visible>
				<control type="button" id="6">
					<label>$LOCALIZE[184]</label>
					<width>275</width>
					<onup>12</onup>
					<ondown>10</ondown>
					<onright>8000</onright>
					<include>contextButton</include>
				</control>
				<control type="button" id="10">
					<posy>43</posy>
					<label>$LOCALIZE[31054]</label>
					<width>275</width>
					<onup>6</onup>
					<ondown>12</ondown>
					<onright>8000</onright>
					<include>contextButton</include>
					<onclick>SetFocus(5000)</onclick>
					<visible>Container.Content(movies) | Container.Content(tvshows)</visible>
				</control>
				<control type="button" id="10">
					<posy>43</posy>
					<label>$LOCALIZE[31019]</label>
					<width>275</width>
					<onup>6</onup>
					<ondown>12</ondown>
					<onright>8000</onright>
					<include>contextButton</include>
					<onclick>SetFocus(5000)</onclick>
					<visible>Container.Content(episodes) | Container.Content(musicvideos)</visible>
				</control>
				<control type="button" id="12">
					<posy>86</posy>
					<label>Fanart</label>
					<width>275</width>
					<onup>10</onup>
					<ondown>6</ondown>
					<onright>8000</onright>
					<include>contextButton</include>
					<visible>Container.Content(movies) | Container.Content(tvshows)</visible>
				</control>
			</control>
		</control>
	</include>

	<include name="InfoDialogMenuM">
		<control type="group">
			<visible>!Skin.HasSetting(global.kiosk)</visible>
			<include>pageContextMenu</include>
			
			<control type="group" id="6000">
				<posx>-275</posx>
				<posy>20</posy>
				<width>800</width>
				<height>800</height>
				<onright>8000</onright>
				<orientation>vertical</orientation>
				<include>pagemenus</include>
				<visible allowhiddenfocus="true">ControlGroup(6000).HasFocus + !Window.IsActive(101) + !Skin.HasSetting(global.kiosk)</visible>
				<control type="button" id="6">
					<posy>0</posy>
					<label>$LOCALIZE[184]</label>
					<width>275</width>
					<onup>5</onup>
					<ondown>10</ondown>
					<onright>8000</onright>
					<include>contextButton</include>
				</control>
				<control type="button" id="10">
					<posy>43</posy>
					<label>$LOCALIZE[31019]</label>
					<width>275</width>
					<onup>6</onup>
					<ondown>12</ondown>
					<onright>8000</onright>
					<include>contextButton</include>
				</control>
				<control type="button" id="12">
					<posy>86</posy>
					<label>Fanart</label>
					<width>275</width>
					<onup>10</onup>
					<ondown>5</ondown>
					<onright>8000</onright>
					<include>contextButton</include>
				</control>
			</control>
		</control>
	</include>
</includes>