﻿<includes>

	<include name="LibraryVideoMenu">
		<control type="group">
			<visible>!Skin.HasSetting(global.kiosk)</visible>
			<control type="group" id="6000">
				<posx>-275</posx>
				<posy>20</posy>
				<visible allowhiddenfocus="true">ControlGroup(6000).HasFocus + !Window.IsActive(103) + !Skin.HasSetting(global.kiosk)</visible>
				<onright>50</onright>
				<include>pagemenus</include>
				<include>transition_WindowMenu</include>
				<include>toggle_NumItems-menumove</include>
	
				<control type="button" id="1">
					<description>Choose Viewtype</description>
					<label>$LOCALIZE[31930]</label>
					<onright>50</onright>
					<onup>90</onup>
					<ondown>3</ondown>
					<onclick>SetFocus(40)</onclick>
					<visible allowhiddenfocus="true">!ControlGroup(40).HasFocus()</visible>
					<include>contextButton</include>
				</control>
	
				<control type="grouplist" id="40">
					<onup>40</onup>
					<ondown>40</ondown>
					<onleft>-</onleft>
					<onright>1</onright>
					<itemgap>-125</itemgap>
					<visible allowhiddenfocus="true">ControlGroup(40).HasFocus()</visible>
					<control type="button" id="401">
						<label>$LOCALIZE[535]</label>
						<onleft>1</onleft>
						<onright>1</onright>
						<onup>1</onup>
						<onclick>Container.SetViewMode(50)</onclick>
						<include>contextButton</include>
					</control>
					<control type="button" id="402">
						<description>big list</description>
						<label>$LOCALIZE[537]</label>
						<onleft>1</onleft>
						<onright>1</onright>
						<onclick>Container.SetViewMode(51)</onclick>
						<include>contextButton</include>
						<visible>[Container.Content(episodes) | Container.Content(movies) | Container.Content(tvshows)] + !substring(Container.FolderPath,plugin://)</visible>
					</control>
					
					<control type="button" id="403">
						<description>slide poster</description>
						<label>$LOCALIZE[31003]</label>
						<onleft>1</onleft>
						<onright>1</onright>
						<onclick>Container.SetViewMode(52)</onclick>
						<include>contextButton</include>
						<visible>[Container.Content(movies) | Container.Content(tvshows) | Container.Content(seasons)]</visible>
					</control>
					<control type="button" id="404">
						<description>slide wide</description>
						<label>$LOCALIZE[31003]</label>
						<onleft>1</onleft>
						<onright>1</onright>
						<onclick>Container.SetViewMode(521)</onclick>
						<include>contextButton</include>
						<visible>[Container.Content(episodes) | Container.Content(musicvideos) | [Container.Content(files) + Container.HasFiles]]</visible>
					</control>
	
					<control type="button" id="405">
						<description>thumbnails poster</description>
						<label>$LOCALIZE[31014]</label>
						<onleft>1</onleft>
						<onright>1</onright>
						<onclick>Container.SetViewMode(57)</onclick>
						<include>contextButton</include>
						<visible>[[Container.Content(movies) | Container.Content(tvshows) | Container.Content(seasons)] + !substring(Container.FolderPath,plugin://)] | stringcompare(container.folderpath,plugin://plugin.video.apple.movie.trailers.lite/)</visible>
					</control>
					<control type="button" id="406">
						<description>thumbnails wide</description>
						<label>pijpen$LOCALIZE[31014]</label>
						<onleft>1</onleft>
						<onright>1</onright>
						<onclick>Container.SetViewMode(573)</onclick>
						<include>contextButton</include>
						<visible>Container.Content(musicvideos) | [[substring(Container.FolderPath,plugin://) + !Container.HasFolders] + !IsEmpty(Container.FolderPath)] | [Container.Content(files) + Container.HasFiles]] + !stringcompare(Container.FolderPath,sources://video/) + !substring(Container.FolderPath,special://videoplaylists/) + !stringcompare(container.folderpath,plugin://plugin.video.apple.movie.trailers.lite/)</visible>
					</control>
					<control type="button" id="407">
						<description>thumbnails info</description>
						<label>kontneuken$LOCALIZE[31014]</label>
						<onleft>1</onleft>
						<onright>1</onright>
						<onclick>Container.SetViewMode(574)</onclick>
						<include>contextButton</include>
						<visible>[substring(Container.FolderPath,addons://)]</visible>
					</control>

	
					<control type="button" id="409">
						<description>banners</description>
						<label>$LOCALIZE[31093]</label>
						<onleft>1</onleft>
						<onright>1</onright>
						<onclick>Container.SetViewMode(541)</onclick>
						<include>contextButton</include>
						<visible>Container.Content(tvshows) + Skin.HasSetting(banners.enable)</visible>
					</control>
					<control type="button" id="410">
						<description>banners list</description>
						<label>$LOCALIZE[31007]</label>
						<onleft>1</onleft>
						<onright>1</onright>
						<onclick>Container.SetViewMode(54)</onclick>
						<include>contextButton</include>
						<visible>Container.Content(tvshows) + Skin.HasSetting(banners.enable) + !substring(Container.FolderPath,plugin://)</visible>
					</control>
	
					<control type="button" id="411">
						<description>slide episodes</description>
						<label>$LOCALIZE[31003]</label>
						<onleft>1</onleft>
						<onright>1</onright>
						<onclick>Container.SetViewMode(521)</onclick>
						<include>contextButton</include>
						<visible>[Container.Content(episodes) | [Container.Content(files) + Container.HasFiles]] + ![substring(Container.FolderPath,plugin://) | substring(Container.FolderPath,special://videoplaylists/)] + !stringcompare(Container.FolderPath,sources://video/)</visible>
					</control>
					<control type="button" id="412">
						<label>$LOCALIZE[31002]</label>
						<onleft>1</onleft>
						<onright>1</onright>
						<onclick>Container.SetViewMode(53)</onclick>
						<include>contextButton</include>
						<visible>[Container.Content(tvshows) | Container.Content(movies)] + !substring(container.folderpath,plugin://)</visible>
					</control>
				</control>
	
				<control type="button" id="3">
					<description>Sort by button</description>
					<posy>43</posy>
					<label>$LOCALIZE[103]</label>
					<onright>50</onright>
					<onup>1</onup>
					<ondown>4</ondown>
					<include>contextButton</include>
					<visible>!ControlGroup(40).HasFocus()</visible>
				</control>
	
				<control type="togglebutton" id="4">
					<description>ascending / descending</description>
					<posy>86</posy>
					<label>$LOCALIZE[584]</label>
					<altlabel>$LOCALIZE[585]</altlabel>
					<onright>50</onright>
					<onup>3</onup>
					<ondown>14</ondown>
					<include>contextButton</include>
					<onclick>Container.SortDirection</onclick>
					<onclick>Container.SortDirection</onclick>
					<visible>!ControlGroup(40).HasFocus()</visible>
				</control>
	
				<control type="togglebutton" id="14">
					<description>Watched Toggle</description>
					<posy>129</posy>
					<label>$LOCALIZE[20367]</label>
					<altlabel>$LOCALIZE[31900]</altlabel>
					<onright>50</onright>
					<onup>4</onup>
					<ondown>8</ondown>
					<include>contextButton</include>
					<visible>!ControlGroup(40).HasFocus()</visible>
				</control>
	
				<control type="button" id="8">
					<description>Search Button</description>
					<posy>172</posy>
					<label>$LOCALIZE[137]</label>
					<onright>50</onright>
					<onup>14</onup>
					<ondown>19</ondown>
					<include>contextButton</include>
					<visible>!ControlGroup(40).HasFocus()</visible>
				</control>
	
				<control type="button" id="19">
					<description>Filter</description>
					<posy>215</posy>
					<label>$LOCALIZE[587]</label>
					<onright>50</onright>
					<onup>8</onup>
					<ondown>16</ondown>
					<include>contextButton</include>
					<visible>!ControlGroup(40).HasFocus()</visible>
				</control>
	
				<control type="button" id="16">
					<description>Party Mode Button</description>
					<posy>258</posy>
					<label>$LOCALIZE[589]</label>
					<onright>50</onright>
					<onup>19</onup>
					<ondown>17</ondown>
					<include>contextButton</include>
					<visible>!ControlGroup(40).HasFocus()</visible>
					<enable>Container.Content(musicvideos)</enable>
				</control>
	
				<control type="togglebutton" id="17">
					<description>Flatten Button</description>
					<posy>301</posy>
					<label>$LOCALIZE[20411]</label>
					<altlabel>$LOCALIZE[31107]</altlabel>
					<onright>50</onright>
					<onup>16</onup>
					<ondown>11</ondown>
					<include>contextButton</include>
					<visible>!ControlGroup(40).HasFocus()</visible>
				</control>
	
				<control type="button" id="11">
					<description>Trailer Button</description>
					<posy>344</posy>
					<label>$LOCALIZE[20410]</label>
					<onright>50</onright>
					<onup>17</onup>
					<ondown>30</ondown>
					<onclick>PlayMedia($INFO[ListItem.Trailer])</onclick>
					<enable>!IsEmpty(ListItem.Trailer)</enable>
					<include>contextButton</include>
					<visible>!ControlGroup(40).HasFocus()</visible>
				</control>
	
				<control type="button" id="30">
					<description>Favourites Button</description>
					<posy>387</posy>
					<label>$LOCALIZE[1036]</label>
					<onright>50</onright>
					<onclick>ActivateWindow(Favourites)</onclick>
					<onup>11</onup>
					<ondown>90</ondown>
					<include>contextButton</include>
					<visible>!ControlGroup(40).HasFocus()</visible>
				</control>
	
				<control type="button" id="90">
					<description>SLIDE: use posters</description>
					<label>$LOCALIZE[31061]</label>
					<posy>430</posy>
					<onleft>2</onleft>
					<onright>50</onright>
					<onup>30</onup>
					<ondown>1</ondown>
					<onclick>Container.SetViewMode(52)</onclick>
					<onclick>Skin.ToggleSetting(slideViewFanart)</onclick>
					<selected>Skin.HasSetting(slideViewFanart)</selected>
					<include>contextButton</include>
					<visible>Control.IsVisible(521) + [Container.Content(movies) | Container.Content(tvshows)] + !ControlGroup(40).HasFocus()+ !stringcompare(container.folderpath,plugin://plugin.video.apple.movie.trailers.lite/)</visible>
				</control>
				<control type="button" id="90">
					<description>SLIDE: use fanart</description>
					<label>$LOCALIZE[31039]</label>
					<posy>430</posy>
					<onleft>2</onleft>
					<onright>50</onright>
					<onup>30</onup>
					<ondown>1</ondown>
					<onclick>Container.SetViewMode(521)</onclick>
					<onclick>Skin.ToggleSetting(slideViewFanart)</onclick>
					<selected>!Skin.HasSetting(slideViewFanart)</selected>
					<include>contextButton</include>
					<visible>Control.IsVisible(52) + [Container.Content(movies) | Container.Content(tvshows)] + !ControlGroup(40).HasFocus() + !stringcompare(container.folderpath,plugin://plugin.video.apple.movie.trailers.lite/)</visible>
				</control>
	
				<control type="button" id="90">
					<description>GALLERY: no fullscreen</description>
					<label>$LOCALIZE[31063]</label>
					<posy>430</posy>
					<onleft>2</onleft>
					<onright>50</onright>
					<onup>30</onup>
					<ondown>1</ondown>
					<onclick>Skin.ToggleSetting(galleryFull)</onclick>
					<onclick>Container.SetViewMode(53)</onclick>
					<selected>!Skin.HasSetting(galleryFull)</selected>
					<include>contextButton</include>
					<visible>Control.IsVisible(531) + [Container.Content(movies) | Container.Content(tvshows)] + !ControlGroup(40).HasFocus()</visible>
				</control>
				<control type="button" id="90">
					<description>GALLERY: fullscreen</description>
					<label>$LOCALIZE[31062]</label>
					<posy>430</posy>
					<onleft>2</onleft>
					<onright>50</onright>
					<onup>30</onup>
					<ondown>1</ondown>
					<onclick>Skin.ToggleSetting(galleryFull)</onclick>
					<onclick>Container.SetViewMode(531)</onclick>
					<selected>Skin.HasSetting(galleryFull)</selected>
					<include>contextButton</include>
					<visible>Control.IsVisible(53) + [Container.Content(movies) | Container.Content(tvshows)] + !ControlGroup(40).HasFocus()</visible>
				</control>
	
				<control type="togglebutton" id="90">
					<description>LIST: no fanart</description>
					<label>$LOCALIZE[31061]</label>
					<altlabel>$LOCALIZE[31039]</altlabel>
					<posy>430</posy>
					<onleft>2</onleft>
					<onright>50</onright>
					<onup>30</onup>
					<ondown>1</ondown>
					<onclick>Skin.ToggleSetting(ListViewFanart)</onclick>
					<selected>!Skin.HasSetting(ListViewFanart)</selected>
					<include>contextButton</include>
					<visible>Control.IsVisible(50) + !ControlGroup(40).HasFocus() + [Container.Content(movies) | Container.Content(tvshows)] + !stringcompare(container.folderpath,plugin://plugin.video.apple.movie.trailers.lite/)</visible>
				</control>
	
				<control type="button" id="90">
					<description>THUMBS: info</description>
					<label>$LOCALIZE[31975]</label>
					<posy>430</posy>
					<onleft>2</onleft>
					<onright>50</onright>
					<onup>30</onup>
					<ondown>1</ondown>
					<onclick>Skin.ToggleSetting(thumbInfo)</onclick>
					<onclick>Container.SetViewMode(571)</onclick>
					<selected>!Skin.HasSetting(thumbInfo)</selected>
					<include>contextButton</include>
					<visible>Control.IsVisible(57) + !ControlGroup(40).HasFocus() + [Container.Content(movies) | Container.Content(tvshows) | stringcompare(container.folderpath,plugin://plugin.video.apple.movie.trailers.lite/)]</visible>
				</control>
				<control type="button" id="90">
					<description>THUMBS: no info</description>
					<label>$LOCALIZE[31974]</label>
					<posy>430</posy>
					<onleft>2</onleft>
					<onright>50</onright>
					<onup>30</onup>
					<ondown>1</ondown>
					<onclick>Skin.ToggleSetting(thumbInfo)</onclick>
					<onclick>Container.SetViewMode(57)</onclick>
					<selected>Skin.HasSetting(thumbInfo)</selected>
					<include>contextButton</include>
					<visible>Control.IsVisible(571) + !ControlGroup(40).HasFocus() + [Container.Content(movies) | Container.Content(tvshows) | !stringcompare(container.folderpath,plugin://plugin.video.apple.movie.trailers.lite/)]</visible>
				</control>
	
				<control type="togglebutton" id="90">
					<description>BIG LIST: use posters</description>
					<label>$LOCALIZE[31061]</label>
					<altlabel>$LOCALIZE[31039]</altlabel>
					<posy>430</posy>
					<onleft>2</onleft>
					<onright>50</onright>
					<onup>30</onup>
					<ondown>1</ondown>
					<onclick>Skin.ToggleSetting(biglist.posters)</onclick>
					<selected>Skin.ToggleSetting(biglist.posters)</selected>
					<include>contextButton</include>
					<visible>Control.IsVisible(51) + !ControlGroup(40).HasFocus()+ !stringcompare(container.folderpath,plugin://plugin.video.apple.movie.trailers.lite/)</visible>
				</control>
			</control>
		</control>
	</include>
</includes>