﻿<includes>
	<include name="LibraryPlaylistMenu">
		<control type="group" id="6000">
			<posx>-275</posx>
			<posy>20</posy>
			<visible allowhiddenfocus="true">ControlGroup(6000).HasFocus(0)</visible>
			<onright>50</onright>
			<include>pagemenus</include>
			<include>transition_WindowMenu</include>
			<include>toggle_NumItems-menumove</include>
			
			<control type="button" id="20">
				<description>Shuffle button</description>
				<posy>0</posy>
				<label>191</label>
				<onleft>-</onleft>
				<onright>50</onright>
				<onup>22</onup>
				<ondown>28</ondown>
				<include>contextButton</include>
			</control>
			<control type="togglebutton" id="28">
				<description>Randomize button</description>
				<posy>43</posy>
				<label>$LOCALIZE[31114]</label>
				<altlabel>$LOCALIZE[31113]</altlabel>
				<onleft>-</onleft>
				<onright>50</onright>
				<onup>20</onup>
				<ondown>26</ondown>
				<include>contextButton</include>
			</control>
			<control type="button" id="26">
				<description>Repeat button</description>
				<posy>86</posy>
				<label>486</label>
				<onleft>-</onleft>
				<onright>50</onright>
				<onup>28</onup>
				<ondown>21</ondown>
				<include>contextButton</include>
			</control>
			<control type="button" id="21">
				<description>Save button</description>
				<posy>129</posy>
				<label>190</label>
				<onleft>-</onleft>
				<onright>50</onright>
				<onup>26</onup>
				<ondown>22</ondown>
				<include>contextButton</include>
			</control>
			<control type="button" id="22">
				<description>Clear button</description>
				<posy>172</posy>
				<label>192</label>
				<label>31011</label>
				<onleft>-</onleft>
				<onright>50</onright>
				<onup>21</onup>
				<ondown>20</ondown>
				<include>contextButton</include>
			</control>								
		</control>
	</include>
</includes>