﻿<window id="29">
	<defaultcontrol>52</defaultcontrol>
	<coordinates>
		<system>1</system>
		<posx>0</posx>
		<posy>0</posy>
	</coordinates>
	<controls>
		<control type="image">
			<aspectratio>scale</aspectratio>
			<include>screentype</include>
			<texture background="true">special://skin/backgrounds/background2.png</texture>
			<include>transition_BG</include>
		</control>
		
		<control type="group">
			<posy>230</posy>
			<include>transition_Info</include>
			<control type="label">
				<label>$LOCALIZE[31102]</label>
				<align>center</align>
				<include>screenwidth</include>
				<font>pagelabel</font>
				<textcolor>Color1</textcolor>
			</control>
			<control type="label">
				<posy>40</posy>
				<label>$LOCALIZE[31110]</label>
				<align>center</align>
				<include>screenwidth</include>
				<font>titleSmall</font>
				<textcolor>Color2</textcolor>
			</control>
		</control>
		
		<control type="wraplist" id="52">
			<posx>-350</posx>
			<posy>343</posy>
			<width>2275</width>
			<height>430</height>
			<onleft>52</onleft>
			<onright>52</onright>
			<scrolltime>150</scrolltime>
			<orientation>horizontal</orientation>
			<focusposition>2</focusposition>
			<include>transition_Container</include>
			<itemlayout width="410" height="300">
				<control type="image">
					<width>330</width>
					<height>235</height>
					<texture border="29">frames/frame_Login.png</texture>
					<aspectratio>stretch</aspectratio>
				</control>
				<control type="image">
					<posx>15</posx>
					<posy>14</posy>
					<width>300</width>
					<height>169</height>
					<texture background="true" diffuse="frames/wideFrameMask.png" fallback="thumbs/user.png">$INFO[ListItem.Icon]</texture>
					<aspectratio scalediffuse="false">scale</aspectratio>
				</control>
			</itemlayout>
			<focusedlayout width="410" height="300">
				<control type="image">
					<width>330</width>
					<height>235</height>
					<texture border="29">frames/frame_Login.png</texture>
					<aspectratio>stretch</aspectratio>
					<include>focus_SlideLogin</include>
				</control>
				<control type="image">
					<posx>15</posx>
					<posy>14</posy>
					<width>300</width>
					<height>169</height>
					<texture background="true" diffuse="frames/wideFrameMask.png" fallback="thumbs/user.png">$INFO[ListItem.Icon]</texture>
					<aspectratio scalediffuse="false">scale</aspectratio>
					<include>focus_SlideLogin</include>
				</control>
			</focusedlayout>
		</control>
		<control type="group">
			<include>transition_Container</include>
			<control type="label" id="1">
				<posx>83</posx>
				<posy>531</posy>
				<label>$INFO[Container(52).ListItem(-1).Label]</label>
				<include>user_LoginLabel</include>
			</control>
			<control type="label" id="1">
				<posx>493</posx>
				<posy>553</posy>
				<label>$INFO[ListItem.Label]</label>
				<include>user_LoginLabel</include>
			</control>
			<control type="label" id="1">
				<posx>377r</posx>
				<posy>531</posy>
				<label>$INFO[Container(52).ListItem(1).Label]</label>
				<include>user_LoginLabel</include>
			</control>
		</control>
	</controls>
</window>