﻿<window id="2006">
	<allowoverlay>no</allowoverlay>
	<controls>
		<control type="visualisation" id="2">
			<description>visualisation</description>
			<include>screentype</include>
			<visible>IsEmpty(MusicPlayer.Property(Fanart_Image) + !Skin.HasSetting(fanart.visualization) | Skin.HasSetting(fanart.visualization.blend)</visible>
		</control>
		<control type="image">
			<description>Fanart image</description>
			<include>screentype</include>
			<texture fallback="special://skin/backgrounds/artist.png">$INFO[MusicPlayer.Property(Fanart_Image)]</texture>
			<visible>Skin.HasSetting(fanart.visualization)</visible>
			<include>transition_Fanart</include>
			<animation effect="fade" start="100" end="80" time="0" condition="Skin.HasSetting(fanart.visualization.blend)">Conditional</animation>
		</control>
		<include>musicOSDInfo</include>
		<control type="group">
			<visible>Player.ShowCodec</visible>
			<include>codecInfo</include>
			<control type="image" id="1">
				<include>screenwidth</include>
				<height>120</height>
				<texture flipy="false">OSD/controlsFrame.png</texture>
			</control>
			<control type="label">
				<description>row 1 label</description>
				<posx>5</posx>
				<posy>5</posy>
				<width>1260</width>
				<label>$INFO[Musicplayer.Codec,Codec: ,]$INFO[Musicplayer.Bitrate, · Bitrate: ,kbps]$INFO[MusicPlayer.Bitspersample, · Bits: ,bit]$INFO[MusicPlayer.SampleRate, · Freq: ,kHz]$INFO[MusicPlayer.Channels, · Channels: ]</label>
				<include>dialogLabelAlt</include>
			</control>
			<control type="label">
				<description>row 2 label</description>
				<posx>5</posx>
				<posy>28</posy>
				<width>1260</width>
				<label>$LOCALIZE[250]: $INFO[Visualisation.Name] [I]($LOCALIZE[20166])[/I] · FPS: $INFO[System.FPS]</label>
				<include>dialogLabelAlt</include>
			</control>
			<control type="label">
				<description>row 3 label</description>
				<posx>5</posx>
				<posy>51</posy>
				<width>1260</width>
				<label fallback="· (UnAvailable)">$LOCALIZE[13388]: $INFO[Visualisation.Preset]</label>
				<include>dialogLabelAlt</include>
			</control>
		</control>
	</controls>
</window>