﻿<window id="501">
	<defaultcontrol always="true">50</defaultcontrol>
	<previouswindow>Home</previouswindow>
	<allowoverlay>yes</allowoverlay>
	<controls>
		<include>themeBackground2</include>
		<include>pagelabels_Music</include>
		<control type="image">
			<posx>575</posx>
			<posy>242</posy>
			<width>860</width>
			<height>145</height>
			<texture border="0,30,0,30">views/list-focus.png</texture>
			<visible>Control.IsVisible(51)</visible>
			<include>contextMenuHide</include>
			<animation effect="slide" start="0" end="-117" time="0" condition="Control.IsVisible(51) + !Container(51).HasFiles">Conditional</animation>
		</control>
		<include>view_ListMusic</include>
		<include>PageControls</include>
		<include>allscreens</include>
		<include>nav_Indicator</include>
		<include>FilesMenu</include>
		<include>info_MusicList</include>
	</controls>
</window>  
