﻿<window id="503">
	<defaultcontrol always="true">50</defaultcontrol>
	<allowoverlay>yes</allowoverlay>
	
	<controls>
		<include>themeBackground2</include>
		<include>allscreens</include>
		
		<control type="label">
			<include>PageLabel</include>
			<label>[LOWERCASE][COLOR=Color2]$LOCALIZE[2][/COLOR] $LOCALIZE[10503][/LOWERCASE]</label>
		</control>
		
		<control type="group" id="9001">
			<posx>-127</posx>
			<posy>150</posy>
			<include>transition_Container</include>
			<control type="button" id="6">
				<description>Open Playlist Button</description>
				<label>502</label>
				<onleft>100</onleft>
				<onright>50</onright>
				<onup>8</onup>
				<ondown>7</ondown>
				<include>categoryButton</include>
			</control>
			<control type="button" id="7">
				<description>Save Playlist Button</description>
				<posy>42</posy>
				<label>$LOCALIZE[190]</label>
				<onleft>100</onleft>
				<onright>50</onright>
				<onup>6</onup>
				<ondown>8</ondown>
				<include>categoryButton</include>
			</control>
			<control type="button" id="8">
				<description>Clear Playlist Button</description>
				<posy>84</posy>
				<label>192</label>
				<onleft>100</onleft>
				<onright>50</onright>
				<onup>7</onup>
				<ondown>6</ondown>
				<include>categoryButton</include>
			</control>
		</control>

		<control type="group">
			<include>transition_Container</include>
			<posy>100</posy>
			<control type="label">
				<description>left column label</description>
				<posx>210</posx>
				<width>550</width>
				<label>$LOCALIZE[744]</label>
				<font>titleLow</font>
				<textcolor>Color2</textcolor>
			</control>	
			<control type="label">
				<description>right column label</description>
				<posx>725</posx>
				<width>550</width>
				<label>$LOCALIZE[559]</label>
				<font>titleLow</font>
				<textcolor>Color2</textcolor>
			</control>
			
			<control type="list" id="50">
				<posx>198</posx>
				<posy>45</posy>
				<width>510</width>
				<height>528</height>
				<onleft>9001</onleft>
				<onright>100</onright>
				<onup>50</onup>
				<ondown>50</ondown>
				<scrolltime>150</scrolltime>
				<animation effect="fade" start="100" end="60" time="200" condition="Control.HasFocus(100)">Conditional</animation>
				<itemlayout height="44">
					<control type="image">
						<posx>0</posx>
						<width>510</width>
						<height>42</height>
						<texture border="4">epg/column_right.png</texture>
						<colordiffuse>tv3</colordiffuse>
					</control>
					<control type="label">
						<posx>15</posx>
						<width>450</width>
						<height>38</height>
						<font>normalAlt</font>
						<align>left</align>
						<textcolor>Color1</textcolor>
						<selectedcolor>Selected</selectedcolor>
						<label>$INFO[ListItem.Label]</label>
						<visible>IsEmpty(ListItem.Title)</visible>
					</control>
					<control type="label">
						<posx>15</posx>
						<width>450</width>
						<height>38</height>
						<font>normalAlt</font>
						<align>left</align>
						<textcolor>Color1</textcolor>
						<selectedcolor>Selected</selectedcolor>
						<label>$INFO[ListItem.Title]</label>
						<visible>!IsEmpty(ListItem.Title)</visible>
					</control>
				</itemlayout>
				<focusedlayout width="550" height="44">
					<control type="image">
						<posx>0</posx>
						<width>510</width>
						<height>42</height>
						<texture border="4">epg/column_right.png</texture>
						<colordiffuse>tv1</colordiffuse>
					</control>
					<control type="label">
						<posx>15</posx>
						<width>450</width>
						<height>38</height>
						<font>normalAlt</font>
						<align>left</align>
						<textcolor>Focused</textcolor>
						<selectedcolor>Selected</selectedcolor>
						<label>$INFO[ListItem.Label]</label>
						<visible>IsEmpty(ListItem.Title)</visible>
					</control>
					<control type="label">
						<posx>15</posx>
						<width>450</width>
						<height>38</height>
						<font>normalAlt</font>
						<align>left</align>
						<textcolor>Focused</textcolor>
						<selectedcolor>Selected</selectedcolor>
						<label>$INFO[ListItem.Title]</label>
						<visible>!IsEmpty(ListItem.Title)</visible>
					</control>
				</focusedlayout>
			</control>

			<control type="list" id="100">
				<posx>710</posx>
				<posy>45</posy>
				<width>510</width>
				<height>528</height>
				<onleft>50</onleft>
				<onright>21</onright>
				<onup>100</onup>
				<ondown>100</ondown>
				<scrolltime>150</scrolltime>
				<animation effect="fade" start="100" end="60" time="200" condition="Control.HasFocus(50)">Conditional</animation>
				<itemlayout height="44">
					<control type="image">
						<posx>0</posx>
						<width>510</width>
						<height>42</height>
						<texture border="4">epg/column_focus.png</texture>
						<colordiffuse>tv3</colordiffuse>
					</control>
					<control type="label">
						<posx>15</posx>
						<width>450</width>
						<height>38</height>
						<font>normalAlt</font>
						<align>left</align>
						<textcolor>Color1</textcolor>
						<selectedcolor>Selected</selectedcolor>
						<label>$INFO[ListItem.Label]</label>
						<visible>IsEmpty(ListItem.Title)</visible>
					</control>
					<control type="label">
						<posx>15</posx>
						<width>450</width>
						<height>38</height>
						<font>normalAlt</font>
						<align>left</align>
						<textcolor>Color1</textcolor>
						<selectedcolor>Selected</selectedcolor>
						<label>$INFO[ListItem.Title]</label>
						<visible>!IsEmpty(ListItem.Title)</visible>
					</control>
				</itemlayout>
				<focusedlayout width="550" height="44">
					<control type="image">
						<posx>0</posx>
						<width>510</width>
						<height>42</height>
						<texture border="4">epg/column_focus.png</texture>
						<colordiffuse>tv1</colordiffuse>
					</control>
					<control type="label">
						<posx>15</posx>
						<width>450</width>
						<height>38</height>
						<font>normalAlt</font>
						<align>left</align>
						<textcolor>Focused</textcolor>
						<selectedcolor>red</selectedcolor>
						<label>$INFO[ListItem.Label]</label>
						<visible>IsEmpty(ListItem.Title)</visible>
					</control>
					<control type="label">
						<posx>15</posx>
						<width>450</width>
						<height>38</height>
						<font>normalAlt</font>
						<align>left</align>
						<textcolor>Focused</textcolor>
						<selectedcolor>Selected</selectedcolor>
						<label>$INFO[ListItem.Title]</label>
						<visible>!IsEmpty(ListItem.Title)</visible>
					</control>
				</focusedlayout>
			</control>
		</control>
		<control type="image">
			<posx>170</posx>
			<posy>0</posy>
			<height>1080</height>
			<width>29</width>
			<texture>settings/separator.png</texture>
			<aspectratio align="right">stretch</aspectratio>
			<include>transition_Container</include>
		</control>
	</controls>
</window>