﻿<window id="1">
	<defaultcontrol always="true">50</defaultcontrol>
	<allowoverlay>yes</allowoverlay>
	<previouswindow>Home</previouswindow>
	<views>50,574</views>
	<controls>
		<include>themeBackground2</include>
		<control type="label">
			<label>$LOCALIZE[0]</label>
			<include>PageLabel</include>
		</control>
		<include>contextMenuHide</include>
		<include>PageControls</include>
		<include>view_List</include>
		<include>view_IconSquare</include>
		<include>allscreens</include>
		<include>FilesMenu</include>
		<include>info_AddonList</include>
		<include>info_AddonThumbs</include>
		<include>nav_Indicator</include>
	</controls>
</window>
