﻿<window id="28">
	<defaultcontrol always="true">50</defaultcontrol>
	<allowoverlay>no</allowoverlay>
	<controls>
		<include>themeBackground2</include>
		<include>allscreens</include>
		<control type="label">
			<label>$LOCALIZE[157] [COLOR=Color2]$LOCALIZE[559][/COLOR]</label>
			<include>PageLabel</include>
		</control>
		<include>LibraryPlaylistMenu</include>
		<include>view_ListVideo</include>
		<include>PageControls</include>
		<include>transition_Container</include>
		<include>infoDialogHide</include>
		<include>contextMenuHide</include>
		<include>nav_Indicator</include>
		<control type="group">
			<include>infoDialogHide</include>
			<include>transition_Container</include>
			<include>contextMenuHide</include>
			<visible>Player.HasVideo</visible>
			<control type="group">
				<posx>675</posx>
				<posy>100</posy>
				<control type="image">
					<width>510</width>
					<height>287</height>
					<texture>black.png</texture>
					<visible>Player.HasVideo</visible>
				</control>
				<control type="videowindow">
					<width>510</width>
					<height>287</height>
					<visible>!ControlGroup(9000).HasFocus(0)</visible>
				</control>
			</control>
		</control>
	</controls>
</window>