﻿<window id="130">
	<defaultcontrol>1</defaultcontrol>
	<include>dialogOpen</include>
	<coordinates>
		<system>1</system>
		<posx>340</posx>
		<posy>75</posy>
	</coordinates>
	<controls>
		<control type="image">
			<width>600</width>
			<height>422</height>
			<include>dialogWindow</include>
		</control>
		<control type="label" id="1000">
			<description>heading label</description>
			<width>532</width>
			<include>dialogHeading</include>
		</control>
		<control type="image">
			<posx>19</posx>
			<posy>75</posy>
			<width>563</width>
			<include>dialogSeparator</include>
		</control>
		<control type="image" id="2">
			<description>profile image</description>
			<posx>20</posx>
			<posy>70</posy>
			<width>150</width>
			<height>150</height>
			<align>left</align>
			<aspectratio>stretch</aspectratio>
			<texture>unknown-user.png</texture>
			<visible>false</visible>
		</control>
		<control type="grouplist" id="5">
			<description>control area</description>
			<posx>19</posx>
			<posy>75</posy>
			<width>563</width>
			<height>240</height>
			<itemgap>0</itemgap>
			<pagecontrol>60</pagecontrol>
			<onup>28</onup>
			<ondown>28</ondown>
		</control>
		<control type="button" id="7">
			<description>Default Button</description>
			<include>dialogListButton</include>
		</control>
		<control type="radiobutton" id="8">
			<description>default radio button</description>
			<include>dialogRadio</include>
		</control>
		<control type="spincontrolex" id="9">
			<include>dialogSpin</include>
		</control>
		<control type="group" id="9001">
			<posx>34</posx>
			<posy>345</posy>
			<control type="button" id="28">
				<description>Ok Button</description>
				<posx>280</posx>
				<label>186</label>
				<onup>5</onup>
				<onleft>29</onleft>
				<onright>29</onright>
				<ondown>5</ondown>
				<include>dialogButton</include>
			</control>
			<control type="button" id="29">
				<description>Cancel Button</description>
				<posx>413</posx>
				<label>222</label>
				<onup>5</onup>
				<onleft>28</onleft>
				<onright>28</onright>
				<ondown>5</ondown>
				<include>dialogButton</include>
			</control>
		</control>
	</controls>
</window>