﻿<window id="129">
	<defaultcontrol>6001</defaultcontrol>
	<include>dialogOpen</include>
	<coordinates>
		<system>1</system>
		<posx>340</posx>
		<posy>162</posy>
	</coordinates>

	<controls>
		<control type="image" id="1">
			<include>dialogWindow</include>
			<width>600</width>
			<height>396</height>
		</control>
		
		<control type="label" id="2">
			<posx>34</posx>
			<width>562</width>
			<include>dialogHeading</include>
		</control>
		
		<control type="label" id="3">
			<description>path label</description>
			<posx>34</posx>
			<posy>60</posy>
			<width>563</width>
			<height>30</height>
			<align>center</align>
			<aligny>center</aligny>
			<font>dialog2</font>
			<label>1021</label>
			<textcolor>Color4</textcolor>
		</control>
		
		<control type="image">
			<posx>19</posx>
			<posy>100</posy>
			<width>563</width>
			<include>dialogSeparator</include>
		</control>
		<control type="image">
			<posx>19</posx>
			<posy>140</posy>
			<width>563</width>
			<include>dialogSeparator</include>
		</control>
		<control type="image">
			<posx>19</posx>
			<posy>180</posy>
			<width>563</width>
			<include>dialogSeparator</include>
		</control>
		<control type="image">
			<posx>19</posx>
			<posy>220</posy>
			<width>563</width>
			<include>dialogSeparator</include>
		</control>
		
		<control type="list" id="10">
			<posx>19</posx>
			<posy>100</posy>
			<width>563</width>
			<height>120</height>
			<onup>9001</onup>
			<onleft>6001</onleft>
			<onright>6001</onright>
			<ondown>6001</ondown>
			<scrolltime>200</scrolltime>
			<itemlayout height="40">
				<control type="label">
					<width>530</width>
					<info>ListItem.Label</info>
					<include>dialog_CommonListItem</include>
				</control>
			</itemlayout>
			<focusedlayout height="40">
				<control type="image">
					<width>600</width>
					<include>dialog_CommonListFocus</include>
					<visible>Control.hasfocus(14) | Control.HasFocus(10)</visible>
				</control>
				<control type="label">
					<width>530</width>
					<info>ListItem.Label</info>
					<include>dialog_CommonListItem</include>
					<visible>!Control.HasFocus(10)</visible>
				</control>
				<control type="label">
					<width>530</width>
					<info>ListItem.Label</info>
					<include>dialog_CommonListItemFocus</include>
					<visible>Control.HasFocus(10)</visible>
				</control>
			</focusedlayout>
		</control>
		
		<control type="group" id="6001">
			<posx>34</posx>
			<posy>240</posy>
			<control type="button" id="11">
				<description>Browse Button</description>
				<label>1024</label>
				<onup>10</onup>
				<onleft>14</onleft>
				<onright>13</onright>
				<ondown>9001</ondown>
				<width>140</width>
				<include>dialogButton</include>
			</control>
			<control type="button" id="13">
				<description>Add Path Button</description>
				<posx>280</posx>
				<label>15019</label>
				<onup>10</onup>
				<onleft>11</onleft>
				<onright>14</onright>
				<ondown>9001</ondown>
				<include>dialogButton</include>
			</control>
			<control type="button" id="14">
				<description>Remove Path Button</description>
				<posx>413</posx>
				<label>1210</label>
				<onup>10</onup>
				<onleft>13</onleft>
				<onright>11</onright>
				<ondown>9001</ondown>
				<include>dialogButton</include>
			</control>
		</control>

		<control type="group" id="9001">
			<posx>34</posx>
			<posy>320</posy>
			<control type="button" id="18">
				<description>Ok button</description>
				<posx>285</posx>
				<label>186</label>
				<onleft>19</onleft>
				<onright>19</onright>
				<onup>6001</onup>
				<ondown>10</ondown>
				<include>dialogConfirmButton</include>
			</control>
			<control type="button" id="19">
				<description>Cancel button</description>
				<posx>415</posx>
				<label>222</label>
				<onleft>18</onleft>
				<onright>18</onright>
				<onup>6001</onup>
				<ondown>10</ondown>
				<include>dialogConfirmButton</include>
			</control>
		</control>
	</controls>
</window>