﻿<window>
	<defaultcontrol always="true">120</defaultcontrol>
	<allowoverlay>no</allowoverlay>
	<include>dialogOpen</include>
	<coordinates>
		<system>1</system>
		<posx>203</posx>
		<posy>100</posy>
	</coordinates>
	
	<visible>Player.HasVideo</visible>

	<controls>
		<control type="image">
			<width>875</width>
			<height>490</height>
			<include>dialogWindow</include>
		</control>
		<control type="label">
			<description>heading label</description>
			<posx>19</posx>
			<width>837</width>
			<posx>34</posx>
			<label>XBMC Subtitles</label>
			<include>dialogHeading</include>
		</control>
		<control type="image">
			<posx>19</posx>
			<posy>95</posy>
			<width>839</width>
			<include>dialogSeparator</include>
		</control>

		<control type="image">
			<posx>19</posx>
			<posy>414</posy>
			<width>839</width>
			<include>dialogSeparator</include>
		</control>
		<control type="image">
			<posx>243</posx>
			<posy>95</posy>
			<width>1</width>
			<height>320</height>
			<texture>dialogs/separator-y.png</texture>
		</control>
	
		<control type="label" id="100">
			<description>textarea</description>
			<posx>19</posx>
			<posy>53</posy>
			<width>837</width>
			<height>40</height>
			<font>small</font>
			<textcolor>Color4</textcolor>
			<align>center</align>
			<wrapmultiline>false</wrapmultiline>
		</control>
	
		<control type="image" id="110">
			<description>Service Logo</description>
			<posx>20</posx>
			<posy>18</posy>
			<width>250</width>
			<height>40</height>
			<aspectratio>keep</aspectratio>
			<visible>false</visible>
		</control>	


<!-- ** Required ** Do not change <id>or<type>-->
		<control type="group" id="250">
			<control type="group">
				<posx>34</posx>
				<posy>427</posy>
				<control type="group" id="111">
					<control type="image">
						<posy>5</posy>
						<width>24</width>
						<height>24</height>
						<texture>addons/subtitles/default_icon_info.png</texture>
					</control>
					<control type="label">
						<description>notification</description>
						<posx>35</posx>
						<width min="10" max="300">auto</width>
						<height>28</height>
						<font>small</font>
						<textcolor>Color4</textcolor>
						<label>$LOCALIZE[SCRIPT655]</label>
						<aligny>center</aligny>
						<wrapmultiline>true</wrapmultiline>
					</control>
				</control>
			</control>


<!-- ** Required ** Do not change <id>or<type>-->
			<control type="list" id="120">
				<viewtype label="535">list</viewtype>
				<posx>243</posx>
				<posy>95</posy>
				<width>803</width>
				<height>320</height>
				<onleft>150</onleft>
				<onright>121</onright>
				<onup>120</onup>
				<ondown>120</ondown>
				<pagecontrol>121</pagecontrol>
				<scrolltime>200</scrolltime>
				<itemlayout width="803" height="80">
					<control type="image">
						<width>614</width>
						<height>80</height>
						<texture border="3">dialogs/list-nofocus.png</texture>
					</control>
					
					<control type="label">
						<posx>19</posx>
						<posy>9</posy>
						<width>510</width>
						<height>30</height>
						<font>list</font>
						<align>left</align>
						<aligny>center</aligny>
						<info>ListItem.Label2</info>
						<textcolor>Color4</textcolor>
						<focusedcolor>Color1</focusedcolor>
						<selectedcolor>Selected</selectedcolor>
					</control>
					<control type="label">
						<posx>19</posx>
						<posy>31</posy>
						<width>530</width>
						<height>35</height>
						<font>list</font>
						<align>left</align>
						<aligny>center</aligny>
						<info>ListItem.Label</info>
						<textcolor>Color4</textcolor>
						<focusedcolor>Color1</focusedcolor>
						<selectedcolor>Selected</selectedcolor>
					</control>
					<control type="image">
						<posx>573</posx>
						<posy>11</posy>
						<width>24</width>
						<height>24</height>
						<texture>addons/subtitles/icon_sync.png</texture>
						<colordiffuse>Color4</colordiffuse>
						<visible>ListItem.property(sync)</visible>
					</control>
					<control type="image">
						<posx>510</posx>
						<posy>43</posy>
						<width>90</width>
						<height>17</height>
						<texture>addons/subtitles/info_window_icon_rating_star_$INFO[ListItem.ActualIcon].png</texture>
						<colordiffuse>Color4</colordiffuse>
					</control>
				</itemlayout>
				<focusedlayout width="803" height="80">
					<control type="image">
						<width>614</width>
						<height>80</height>
						<texture border="3">dialogs/list-focus.png</texture>
						<visible>!Control.HasFocus(120)</visible>
					</control>
					<control type="image">
						<width>614</width>
						<height>80</height>
						<texture border="3">dialogs/list-focus.png</texture>
						<visible>Control.HasFocus(120)</visible>
					</control>
					<control type="label">
						<posx>19</posx>
						<posy>9</posy>
						<width>510</width>
						<height>30</height>
						<font>list</font>
						<align>left</align>
						<aligny>center</aligny>
						<info>ListItem.Label2</info>
						<textcolor>Color1</textcolor>
						<focusedcolor>Color1</focusedcolor>
						<selectedcolor>Selected</selectedcolor>
					</control>
					<control type="label">
						<posx>19</posx>
						<posy>31</posy>
						<width>530</width>
						<height>35</height>
						<font>list</font>
						<align>left</align>
						<aligny>center</aligny>
						<info>ListItem.Label</info>
						<textcolor>Color1</textcolor>
						<focusedcolor>Color1</focusedcolor>
						<selectedcolor>Selected</selectedcolor>
					</control>
					<control type="image">
						<posx>573</posx>
						<posy>11</posy>
						<width>24</width>
						<height>24</height>
						<texture>addons/subtitles/icon_sync.png</texture>
						<colordiffuse>Color1</colordiffuse>
						<visible>ListItem.property(sync)</visible>
					</control>
					<control type="image">
						<posx>510</posx>
						<posy>43</posy>
						<width>90</width>
						<height>17</height>
						<texture>addons/subtitles/info_window_icon_rating_star_$INFO[ListItem.ActualIcon].png</texture>
						<colordiffuse>Color1</colordiffuse>
					</control>
				</focusedlayout>
			</control>
		</control>
	
		<control type="group" id="250">
			<control type="list" id="150">
				<posx>19</posx>
				<posy>95</posy>
				<width>230</width>
				<height>324</height>
				<onleft>120</onleft>
				<onright>120</onright>
				<onup>150</onup>
				<ondown>150</ondown>
				<viewtype label="535">list</viewtype>
				<scrolltime>200</scrolltime>
				<itemlayout width="400" height="40">
					<control type="image">
						<width>224</width>
						<height>40</height>
						<texture border="3">dialogs/list-nofocus.png</texture>
					</control>
					<control type="label">
						<width>230</width>
						<info>ListItem.Label</info>
						<textoffsetx>15</textoffsetx>
						<textcolor>Color4</textcolor>
						<focusedcolor>Color1</focusedcolor>
						<font>small</font>
						<textoffsetx>15</textoffsetx>
						<textoffsety>5</textoffsety>
						<height>35</height>
						<visible>!ListItem.property(man)</visible>
					</control>
					<control type="label">
						<width>230</width>
						<info>ListItem.Label</info>
						<textoffsetx>15</textoffsetx>
						<textcolor>Color5</textcolor>
						<focusedcolor>Color1</focusedcolor>
						<font>small</font>
						<textoffsetx>15</textoffsetx>
						<textoffsety>5</textoffsety>
						<height>35</height>
						<visible>ListItem.property(man)</visible>
					</control>
				</itemlayout>
				<focusedlayout width="400" height="40">
					<control type="image">
						<width>224</width>
						<height>40</height>
						<texture border="3">dialogs/list-nofocus.png</texture>
					</control>
					<control type="image">
						<width>224</width>
						<height>40</height>
						<texture border="3">dialogs/list-focus.png</texture>
						<visible>Control.HasFocus(150)</visible>
					</control>
					<control type="image">
						<width>224</width>
						<height>40</height>
						<texture border="3">dialogs/list-focus.png</texture>
						<visible>!Control.HasFocus(150)</visible>
						<animation effect="fade" start="100" end="50" condition="true">Conditional</animation> 
					</control>
					<control type="label">
						<width>230</width>
						<info>ListItem.Label</info>
						<textoffsetx>15</textoffsetx>
						<textcolor>Color1</textcolor>
						<selectedcolor>green</selectedcolor>
						<font>small</font>
						<textoffsetx>15</textoffsetx>
						<textoffsety>5</textoffsety>
						<height>35</height>
						<visible>!ListItem.property(man)</visible>
					</control>
					<control type="label">
						<width>230</width>
						<info>ListItem.Label</info>
						<textoffsetx>15</textoffsetx>
						<textcolor>Color1</textcolor>
						<focusedcolor>green</focusedcolor>
						<font>small</font>
						<textoffsetx>15</textoffsetx>
						<textoffsety>5</textoffsety>
						<height>35</height>
						<visible>ListItem.property(man)</visible>
					</control>
				</focusedlayout>
			</control>
		</control>

		<control type="spincontrol" id="121">
			<visible>false</visible>
		</control>
	</controls>
</window>
