﻿<window id="34">
	<defaultcontrol always="true">9000</defaultcontrol>
	<allowoverlay>yes</allowoverlay>
	<previouswindow>0</previouswindow>
	
	<controls>
		<include>themeBackground2</include>
		<include>allscreens</include>
		
		<control type="label">
			<include>PageLabel</include>
			<label>$LOCALIZE[5] [COLOR=Color2]$LOCALIZE[13200][/COLOR]</label>
		</control>
		
		<control type="group" id="9000">
			<posx>15</posx>
			<posy>125</posy>
			<include>transition_Container</include>
			<control type="button" id="10">
				<label>$LOCALIZE[20096]</label>
				<onfocus>Skin.SetString(ProfileSettings,1)</onfocus>
				<onleft>12</onleft>
				<onright>4</onright>
				<onup>11</onup>
				<ondown>11</ondown>
				<include>categoryButton</include>
			</control>
			<control type="button" id="11">
				<posy>45</posy>
				<label>31021</label>
				<onfocus>Skin.SetString(ProfileSettings,2)</onfocus>
				<onright>5</onright>
				<onup>10</onup>
				<ondown>10</ondown>
				<include>categoryButton</include>
			</control>
		</control>
		
		<control type="radiobutton" id="4">
			<posx>340</posx>
			<posy>105</posy>
			<width>850</width>
			<height>45</height>
			<onleft>9000</onleft>
			<label>$LOCALIZE[31026]</label>
			<include>settingsButton</include>
			<visible>Skin.String(ProfileSettings,1)</visible>
			<include>transition_Container</include>
		</control>

		<control type="group" id="5">
			<posx>340</posx>
			<posy>105</posy>
			<include>pageslide</include>
			<visible>Skin.String(ProfileSettings,2)</visible>
			<include>transition_Container</include>

			<control type="list" id="2">
				<width>850</width>
				<height>600</height>
				<onleft>9000</onleft>
				<onright>9000</onright>
				<onup>2</onup>
				<ondown>2</ondown>
				<viewtype label="List">List</viewtype>
				<itemlayout height="45">
					<control type="label">
						<posx>25</posx>
						<posy>3</posy>
						<width>850</width>
						<height>35</height>
						<info>ListItem.Label</info>
						<font>normal</font>
						<textcolor>Color1</textcolor>
					</control>
					<control type="label">
						<posx>830</posx>
						<posy>3</posy>
						<width>400</width>
						<height>45</height>
						<textcolor>Color2</textcolor>
						<info>ListItem.Label2</info>
						<font>normal</font>
						<align>right</align>
						<textcolor>Color1</textcolor>
					</control>
				</itemlayout>
				<focusedlayout height="45">
					<control type="image">
						<width>850</width>
						<height>45</height>
						<texture border="16,16,16,16">settings/list-focus.png</texture>
					</control>
					<control type="label">
						<posx>25</posx>
						<posy>3</posy>
						<width>850</width>
						<height>35</height>
						<info>ListItem.Label</info>
						<font>normal</font>
						<textcolor>Color5</textcolor>
					</control>
					<control type="label">
						<posx>830</posx>
						<posy>3</posy>
						<width>400</width>
						<height>35</height>
						<align>right</align>
						<info>ListItem.Label2</info>
						<font>normal</font>
						<textcolor>Color5</textcolor>
					</control>
				</focusedlayout>
			</control>
		</control>
		
		<control type="image">
			<posx>311</posx>
			<posy>15</posy>
			<height>1192</height>
			<width>29</width>
			<texture>settings/separator.png</texture>
			<aspectratio align="right">stretch</aspectratio>
			<include>transition_Container</include>
			<visible>!Window.IsActive(progressdialog)</visible>
		</control>
		
	</controls>
</window>