﻿<includes>
	<include name="TVMenu">
		<control type="group" id="6000">
			<posx>-275</posx>
			<posy>20</posy>
			<visible allowhiddenfocus="true">ControlGroup(6000).HasFocus()</visible>
			<onright>50</onright>
			<include>pagemenus</include>
			<include>transition_WindowMenu</include>
			
			<control type="button" id="32">
				<description>TV Channels</description>
				<posy>0</posy>
				<label>19023</label>
				<onright>11</onright>
				<onup>36</onup>
				<ondown>33</ondown>
				<include>contextButton</include>
			</control>
			<control type="togglebutton" id="33">
				<description>Radio Channels</description>
				<posy>43</posy>
				<label>$LOCALIZE[19024]</label>
				<onright>12</onright>
				<onup>32</onup>
				<ondown>31</ondown>
				<include>contextButton</include>
			</control>
			<control type="button" id="31">
				<description>TV Guide</description>
				<posy>86</posy>
				<label>19029</label>
				<onright>15</onright>
				<onup>33</onup>
				<ondown>34</ondown>
				<include>contextButton</include>
			</control>
			<control type="button" id="34">
				<description>Recordings</description>
				<posy>129</posy>
				<label>19163</label>
				<onright>13</onright>
				<onup>31</onup>
				<ondown>35</ondown>
				<include>contextButton</include>
			</control>
			<control type="button" id="35">
				<description>Timers</description>
				<posy>172</posy>
				<label>31085</label>
				<label>19040</label>
				<onright>14</onright>
				<onup>34</onup>
				<ondown>36</ondown>
				<include>contextButton</include>
			</control>
			<control type="button" id="36">
				<description>Search</description>
				<posy>215</posy>
				<label>137</label>
				<onleft>50</onleft>
				<onright>17</onright>
				<onup>35</onup>
				<ondown>32</ondown>
				<include>contextButton</include>
			</control>														
		</control>
	</include>
</includes>