﻿<window id="2005">
	 <backgroundcolor>0</backgroundcolor>
	<controls>
		<control type="image" id="1">
			<include>screentype</include>
			<texture border="16">toast/overlay.png</texture>
			<visible>Window.IsActive(infodialog)</visible>
			<include>transition_Toast</include>
		</control>
		<control type="group">
			<posx>5</posx>
			<posy>5</posy>
			<control type="image" id="1">
				<width>1270</width>
				<height>113</height>
				<texture border="16">black.png</texture>
			</control>
			<control type="label" id="10">
				<description>row 1 label</description>
				<posx>10</posx>
				<posy>5</posy>
				<width>1260</width>
				<label>-</label>
				<align>left</align>
				<textcolor>Color1</textcolor>
				<font>smallerCaps</font>
			</control>
			<control type="label" id="11">
				<description>row 2 label</description>
				<posx>10</posx>
				<posy>31</posy>
				<width>1260</width>
				<label>-</label>
				<align>left</align>
				<font>smallerCaps</font>
				<textcolor>Color1</textcolor>
			</control>
			<control type="label" id="12">
				<description>row 3 label</description>
				<posx>10</posx>
				<posy>48</posy>
				<width>1260</width>
				<height>60</height>
				<label>-</label>
				<align>left</align>
				<textcolor>Color1</textcolor>
				<font>smallerCaps</font>
			</control>
		</control>
	</controls>
</window>