﻿<includes>
<!---LIST------>
	<include name="view_Banner">
		<control type="fixedlist" id="54">
			<viewtype label="535">List</viewtype> 	
			<posx>225</posx>
			<posy>76</posy>
			<width>900</width>
			<height>605</height>
			<onleft>6000</onleft>
			<onright>60</onright>
			<onup>54</onup>
			<ondown>54</ondown>
			<scrolltime>250</scrolltime>
			<focusposition>2</focusposition>
			<wraparound>true</wraparound>
			<pagecontrol>60</pagecontrol>
			<include>transition_Container</include>
			<include>infoDialogHide</include>
			<include>toggle_Menu</include>
			<visible>!substring(container.folderpath,plugin://) + [Container.Content(tvshows) + Skin.HasSetting(banners.enable)]</visible>
			<itemlayout width="560" height="65">
				<control type="label">
					<posx>75</posx>
					<width>700</width>
					<label>$INFO[ListItem.Title]</label>
					<font>listBig</font>
					<include>listMenu</include>
				</control>
				<control type="label">
					<posx>75</posx>
					<posy>23</posy>
					<width>700</width>
					<label>$INFO[ListItem.Genre]</label>
					<font>listInfo</font>
					<textcolor>Color2</textcolor>
					<include>listMenu</include>
				</control>
				<control type="label">
					<posx>75</posx>
					<width>700</width>
					<label>$INFO[ListItem.Label]</label>
					<visible>IsEmpty(ListItem.Title)</visible>
					<include>listMenu</include>
				</control>
			</itemlayout>
			<focusedlayout width="560" height="290">
				<control type="image">
					<posx>1</posx>
					<posy>0</posy>
					<width>836</width>
					<height>295</height>
					<include>dialogWindow</include>
					<include>focus_Banner</include>
					<visible>!IsEmpty(ListItem.TVShowTitle)</visible>
				</control>
				<control type="image">
					<posx>19</posx>
					<posy>16</posy>
					<width>800</width>
					<height>148</height>
					<texture diffuse="frames/frame_Wide-mask.png" fallback="thumbs/tvshow_banner.jpg">$INFO[ListItem.Thumb]</texture>
					<aspectratio scalediffuse="false" align="center">stretch</aspectratio>
					<include>focus_Banner</include>
					<visible>!IsEmpty(ListItem.TVShowTitle) + !Skin.HasSetting(banners.local)</visible>
				</control>
				<control type="image">
					<posx>19</posx>
					<posy>16</posy>
					<width>800</width>
					<height>148</height>
					<texture diffuse="frames/frame_Wide-mask.png" fallback="thumbs/tvshow_banner.jpg">$INFO[ListItem.path]banner.jpg</texture>
					<aspectratio scalediffuse="false" align="center">stretch</aspectratio>
					<include>focus_Banner</include>
					<visible>!IsEmpty(ListItem.TVShowTitle) + Skin.HasSetting(banners.local)</visible>
				</control>
				<control type="image">
					<posx>19</posx>
					<posy>164</posy>
					<width>800</width>
					<include>dialogSeparator</include>
					<include>focus_Banner</include>
					<visible>!IsEmpty(ListItem.TVShowTitle)</visible>
				</control>
				<control type="label">
					<posx>34</posx>
					<posy>178</posy>
					<label>$INFO[ListItem.TVShowTitle]</label>
					<font>dialog1</font>
					<textcolor>Color5</textcolor>
					<align>left</align>
					<width>1100</width>
					<include>focus_Banner</include>
					<visible>!IsEmpty(ListItem.TVShowTitle)</visible>
				</control>
				<control type="label">
					<posx>34</posx>
					<posy>178</posy>
					<label>$INFO[ListItem.Label]</label>
					<font>dialog1</font>
					<textcolor>Color1</textcolor>
					<align>left</align>
					<width>1100</width>
					<include>focus_Banner</include>
					<visible>IsEmpty(ListItem.TVShowTitle)</visible>
				</control>
				<control type="label">
					<posx>34</posx>
					<posy>214</posy>
					<label>$INFO[ListItem.Genre]</label>
					<font>info</font>
					<textcolor>Color4</textcolor>
					<align>left</align>
					<width>900</width>
					<include>focus_Banner</include>
					<visible>![IsEmpty(ListItem.TVShowTitle) + IsEmpty(ListItem.Property(UnWatchedEpisodes))]</visible>
				</control>
				<control type="label">
					<posx>34</posx>
					<posy>238</posy>
					<label>$INFO[ListItem.Property(UnWatchedEpisodes)] $LOCALIZE[16101] $LOCALIZE[20360]</label>
					<font>info</font>
					<textcolor>Color4</textcolor>
					<align>left</align>
					<width>900</width>
					<visible>!IsEmpty(ListItem.Property(UnWatchedEpisodes))</visible>
					<include>focus_Banner</include>
					<visible>![IsEmpty(ListItem.TVShowTitle) + IsEmpty(ListItem.Property(UnWatchedEpisodes))]</visible>
				</control>
				<control type="image">
					<posx>678</posx>
					<posy>214</posy>
					<width>128</width>
					<height>48</height>
					<aspectratio align="right">keep</aspectratio>
					<colordiffuse>Color4</colordiffuse>
					<include>flag_Network-mono</include>
					<include>focus_Banner</include>
				</control>
			</focusedlayout>
		</control>
	</include>

<!---PANEL------>
	<include name="view_BannerWide">
		<control type="panel" id="541">
			<viewtype label="537">biglist</viewtype> 	
			<posx>25</posx>
			<posy>75</posy>
			<width>645</width>
			<height>620</height>
			<onleft>6000</onleft>
			<onright>-</onright>
			<onup>541</onup>
			<ondown>541</ondown>
			<scrolltime>150</scrolltime>
			<preloaditems>5</preloaditems>
			<pagecontrol>60</pagecontrol>
			<orientation>vertical</orientation>
			<include>transition_Container</include>
			<include>infoDialogHide</include>
			<include>toggle_Menu</include>
			<visible>[Container.Content(tvshows) + Skin.HasSetting(banners.enable)] + !substring(container.folderpath,plugin://)</visible>
			<itemlayout width="645" height="123">
				<control type="image">
					<posx>10</posx>
					<posy>10</posy>
					<width>620</width>
					<height>115</height>
					<texture fallback="thumbs/tvshow_banner.jpg" background="true">$INFO[ListItem.Thumb]</texture>
					<bordertexture border="6" width="590" height="106">frames/frame_Square-small.png</bordertexture>
					<bordersize>6</bordersize>
					<aspectratio>stretch</aspectratio>
					<visible>!Skin.HasSetting(banners.local)</visible>
				</control>
				<control type="image">
					<posx>10</posx>
					<posy>10</posy>
					<width>620</width>
					<height>115</height>
					<texture fallback="thumbs/tvshow_banner.jpg" background="true">$INFO[ListItem.path]banner.jpg</texture>
					<bordertexture border="6" width="590" height="106">frames/frame_Square-small.png</bordertexture>
					<bordersize>6</bordersize>
					<aspectratio>stretch</aspectratio>
					<visible>Skin.HasSetting(banners.local)</visible>
				</control>
				<control type="image">
					<posx>592</posx>
					<posy>87</posy>
					<include>watchedOverlay</include>
				</control>
			</itemlayout>
			<focusedlayout width="645" height="123">
				<control type="image">
					<posx>0</posx>
					<width>640</width>
					<height>135</height>
					<texture border="10">views/list-focus-bigAlt.png</texture>
					<bordersize>6</bordersize>
					<aspectratio>stretch</aspectratio>
				</control>
				<control type="image">
					<posx>10</posx>
					<posy>10</posy>
					<width>620</width>
					<height>115</height>
					<texture fallback="thumbs/tvshow_banner.jpg" background="true">$INFO[ListItem.Thumb]</texture>
					<bordersize>6</bordersize>
					<aspectratio>stretch</aspectratio>
					<visible>!Skin.HasSetting(banners.local)</visible>
				</control>
				<control type="image">
					<posx>10</posx>
					<posy>10</posy>
					<width>620</width>
					<height>115</height>
					<texture fallback="thumbs/tvshow_banner.jpg" background="true">$INFO[ListItem.path]banner.jpg</texture>
					<bordersize>6</bordersize>
					<aspectratio>stretch</aspectratio>
					<visible>Skin.HasSetting(banners.local)</visible>
				</control>
				<control type="image">
					<posx>592</posx>
					<posy>87</posy>
					<include>watchedOverlay</include>
				</control>
			</focusedlayout>
		</control>
	</include>
</includes>