﻿<includes>
	<!---POSTER------> 
	<include name="view_IconPoster">
		<control type="panel" id="57">
			<viewtype label="31009">bigicon</viewtype>	
			<posx>75</posx>
			<posy>95</posy>
			<width>1200</width>
			<height>521</height>
			<onleft>6000</onleft>
			<onright>83</onright>
			<onup>57</onup>
			<ondown>57</ondown>
			<scrolltime>150</scrolltime>
			<pagecontrol>83</pagecontrol>
			<orientation>vertical</orientation>
			<preloaditems>4</preloaditems>
			<include>transition_Container</include>
			<include>toggle_Menu</include>
			<include>infoDialogHide</include>
			<visible>Container.Content(movies) | Container.Content(tvshows) | Container.Content(seasons)</visible>
			<itemlayout height="260" width="186">
				<control type="image">
					<width>177</width>
					<height>250</height>
					<texture fallback="thumbs/movie_portrait.png" background="true">$INFO[ListItem.Thumb]</texture>
					<bordertexture border="6" width="177" height="250">frames/frame_Square-small.png</bordertexture>
					<bordersize>6</bordersize>
					<aspectratio>stretch</aspectratio>
					<visible>Container.Content(movies)</visible>
				</control>
				<control type="image">
					<width>177</width>
					<height>250</height>
					<texture fallback="thumbs/tvshow_portrait.png" background="true">$INFO[ListItem.Thumb]</texture>
					<bordertexture border="6" width="177" height="250">frames/frame_Square-small.png</bordertexture>
					<bordersize>6</bordersize>
					<aspectratio>stretch</aspectratio>
					<visible>Container.Content(tvshows) | Container.Content(seasons)</visible>
				</control>
				<control type="image">
					<posx>139</posx>
					<posy>213</posy>
					<width>32</width>
					<height>32</height>
					<include>watchedOverlay</include>
					<visible>[Container.Content(movies) + Skin.HasSetting(overlay.movies)] | [Container.Content(tvshows) + Skin.HasSetting(overlay.tvshows)]</visible>
				</control>
			</itemlayout>											
			<focusedlayout height="260" width="186">
				<control type="image">
					<width>177</width>
					<height>250</height>
					<texture fallback="thumbs/movie_portrait.png" background="true">$INFO[ListItem.Thumb]</texture>
					<bordertexture border="6" width="177" height="250">frames/frame_Square-small.png</bordertexture>
					<bordersize>6</bordersize>
					<aspectratio>stretch</aspectratio>
					<include>focus_ThumbPoster</include>
					<visible>Container.Content(movies)</visible>
				</control>
				<control type="image">
					<width>177</width>
					<height>250</height>
					<texture fallback="thumbs/tvshow_portrait.png" background="true">$INFO[ListItem.Thumb]</texture>
					<bordertexture border="6" width="177" height="250">frames/frame_Square-small.png</bordertexture>
					<bordersize>6</bordersize>
					<aspectratio>stretch</aspectratio>
					<include>focus_ThumbPoster</include>
					<visible>Container.Content(tvshows) | Container.Content(seasons)</visible>
				</control>
				<control type="image">
					<posx>139</posx>
					<posy>212</posy>
					<width>32</width>
					<height>32</height>
					<include>watchedOverlay</include>
					<visible>[Container.Content(movies) + Skin.HasSetting(overlay.movies)] | [Container.Content(tvshows) + Skin.HasSetting(overlay.tvshows)]</visible>
					<include>focus_ThumbPoster</include>
				</control>
			</focusedlayout>
		</control>
	</include>
	
	<!---POSTERSMALL------>
	<include name="view_IconPosterSmall">
		<control type="panel" id="571">
			<viewtype label="31009">icon</viewtype>	
			<posx>55</posx>
			<posy>105</posy>
			<width>700</width>
			<height>572</height>
			<onleft>6000</onleft>
			<onright>78</onright>
			<onup>571</onup>
			<ondown>571</ondown>
			<scrolltime>150</scrolltime>
			<pagecontrol>78</pagecontrol>
			<orientation>vertical</orientation>
			<preloaditems>4</preloaditems>
			<include>transition_Container</include>
			<include>toggle_Menu</include>
			<include>infoDialogHide</include>
			<visible>Container.Content(movies) | Container.Content(tvshows)</visible>
			<itemlayout height="190" width="133">
				<control type="image">
					<width>131</width>
					<height>188</height>
					<texture border="48">frames/frame_PortraitAlt.png</texture>
					<aspectratio>stretch</aspectratio>
					<include>fadeinout</include>
				</control>
				<control type="image">
					<posx>9</posx>
					<posy>9</posy>
					<width>113</width>
					<height>170</height>
					<aspectratio scalediffuse="false" align="center">stretch</aspectratio>
					<texture background="true" fallback="thumbs/tvshow_portrait.png">$INFO[ListItem.Thumb]</texture>
					<visible>Container.Content(tvshows)</visible>
				</control>
				<control type="image">
					<posx>9</posx>
					<posy>9</posy>
					<width>113</width>
					<height>170</height>
					<aspectratio scalediffuse="false" align="center">stretch</aspectratio>
					<texture background="true" fallback="thumbs/movie_portrait.png">$INFO[ListItem.Thumb]</texture>
					<visible>Container.Content(movies)</visible>
				</control>
				<control type="image">
					<posx>90</posx>
					<posy>147</posy>
					<width>32</width>
					<height>32</height>
					<include>watchedOverlay</include>
					<visible>[Container.Content(movies) + Skin.HasSetting(overlay.movies)] | [Container.Content(tvshows) + Skin.HasSetting(overlay.tvshows)]</visible>
				</control>
			</itemlayout>											
			<focusedlayout height="190" width="133">
				<control type="image">
					<width>131</width>
					<height>188</height>
					<texture border="48">frames/frame_PortraitAlt.png</texture>
					<aspectratio>stretch</aspectratio>
					<include>focus_ThumbPosterInfo</include>
				</control>
				<control type="image">
					<posx>9</posx>
					<posy>9</posy>
					<width>113</width>
					<height>170</height>
					<aspectratio scalediffuse="false" align="center">stretch</aspectratio>
					<texture background="true" fallback="thumbs/tvshow_portrait.png">$INFO[ListItem.Thumb]</texture>
					<include>focus_ThumbPosterInfo</include>
					<visible>Container.Content(tvshows)</visible>
				</control>
				<control type="image">
					<posx>9</posx>
					<posy>9</posy>
					<width>113</width>
					<height>170</height>
					<aspectratio scalediffuse="false" align="center">stretch</aspectratio>
					<texture background="true" fallback="thumbs/movie_portrait.png">$INFO[ListItem.Thumb]</texture>
					<include>focus_ThumbPosterInfo</include>
					<visible>Container.Content(movies)</visible>
				</control>
				<control type="image">
					<posx>90</posx>
					<posy>147</posy>
					<width>32</width>
					<height>32</height>
					<include>watchedOverlay</include>
					<include>focus_ThumbPosterInfo</include>
					<visible>[Container.Content(movies) + Skin.HasSetting(overlay.movies)] | [Container.Content(tvshows) + Skin.HasSetting(overlay.tvshows)]</visible>
				</control>
			</focusedlayout>
		</control>
	</include>
	
	
	
	
	<!---WIDE------>
	<include name="view_IconWide">
		<control type="panel" id="573">
			<viewtype label="Thumbnails">bigicons</viewtype>
			<posx>80</posx>
			<posy>104</posy>
			<width>1240</width>
			<height>510</height>
			<onleft>6000</onleft>
			<onright>83</onright>
			<onup>573</onup>
			<ondown>573</ondown>
			<preloaditems>4</preloaditems>
			<scrolltime>150</scrolltime>
			<pagecontrol>83</pagecontrol>
			<include>transition_Container</include>
			<include>infoDialogHide</include>
			<include>toggle_Menu</include>
			<visible>Window.IsActive(mypictures) | Container.Content(artists) | Container.Content(musicvideos) | [Container.Content(files) + Container.HasFiles]</visible>
			<itemlayout height="170" width="220">
				<control type="image">
					<width>215</width>
					<height>165</height>
					<texture fallback="thumbs/picture_landscape.png" background="true">$INFO[ListItem.Thumb]</texture>
					<bordertexture border="6" width="200" height="150">frames/frame_Square-small.png</bordertexture>
					<bordersize>6</bordersize>
					<aspectratio>scale</aspectratio>
					<visible>Window.IsActive(2)</visible>
				</control>
				<control type="image">
					<width>215</width>
					<height>165</height>
					<texture fallback="thumbs/artist_Landscape.png" background="true">$INFO[ListItem.Thumb]</texture>
					<bordertexture border="6" width="200" height="150">frames/frame_Square-small.png</bordertexture>
					<bordersize>6</bordersize>
					<aspectratio>scale</aspectratio>
					<visible>Container.Content(artists)</visible>
				</control>
				<control type="image">
					<width>215</width>
					<height>165</height>
					<texture fallback="thumbs/music_Landscape.png" background="true">$INFO[ListItem.Thumb]</texture>
					<bordertexture border="6" width="200" height="150">frames/frame_Square-small.png</bordertexture>
					<bordersize>6</bordersize>
					<aspectratio>scale</aspectratio>
					<visible>Container.Content(musicvideos)</visible>
				</control>
				<control type="image">
					<width>215</width>
					<height>165</height>
					<texture fallback="thumbs/video_Landscape.png" background="true">$INFO[ListItem.Thumb]</texture>
					<bordertexture border="6" width="200" height="150">frames/frame_Square-small.png</bordertexture>
					<bordersize>6</bordersize>
					<aspectratio>scale</aspectratio>
					<visible>Container.Content(files)</visible>
				</control>
				<control type="image">
					<posx>177</posx>
					<posy>127</posy>
					<include>watchedOverlay</include>
				</control>
			</itemlayout>											
			<focusedlayout height="170" width="220">
				<control type="image">
					<width>215</width>
					<height>165</height>
					<texture fallback="thumbs/picture_landscape.png" background="true">$INFO[ListItem.Thumb]</texture>
					<bordertexture border="6" width="200" height="150">frames/frame_Square-small.png</bordertexture>
					<bordersize>6</bordersize>
					<aspectratio>scale</aspectratio>
					<include>focus_WideThumbs</include>
					<visible>Window.IsActive(2)</visible>
				</control>
				<control type="image">
					<width>215</width>
					<height>165</height>
					<texture fallback="thumbs/artist_Landscape.png" background="true">$INFO[ListItem.Thumb]</texture>
					<bordertexture border="6" width="200" height="150">frames/frame_Square-small.png</bordertexture>
					<bordersize>6</bordersize>
					<aspectratio>scale</aspectratio>
					<include>focus_WideThumbs</include>
					<visible>Container.Content(artists)</visible>
				</control>
				<control type="image">
					<width>215</width>
					<height>165</height>
					<texture fallback="thumbs/music_Landscape.png" background="true">$INFO[ListItem.Thumb]</texture>
					<bordertexture border="6" width="200" height="150">frames/frame_Square-small.png</bordertexture>
					<bordersize>6</bordersize>
					<aspectratio>scale</aspectratio>
					<include>focus_WideThumbs</include>
					<visible>Container.Content(musicvideos)</visible>
				</control>
				<control type="image">
					<width>215</width>
					<height>165</height>
					<texture fallback="thumbs/video_Landscape.png" background="true">$INFO[ListItem.Thumb]</texture>
					<bordertexture border="6" width="200" height="150">frames/frame_Square-small.png</bordertexture>
					<bordersize>6</bordersize>
					<aspectratio>scale</aspectratio>
					<include>focus_WideThumbs</include>
					<visible>Container.Content(files)</visible>
				</control>
				<control type="image">
					<posx>177</posx>
					<posy>127</posy>
					<include>watchedOverlay</include>
					<include>focus_WideThumbs</include>
				</control>
			</focusedlayout>
		</control>
	</include>
	
	
	
<!---SQUARE ADD-ONS------>
	<include name="view_IconSquare">
		<control type="panel" id="574">
			<viewtype label="Thumbnails">bigicons</viewtype>
			<posx>35</posx>
			<posy>115</posy>
			<width>760</width>
			<height>540</height>
			<onleft>6000</onleft>
			<onright>78</onright>
			<onup>574</onup>
			<ondown>574</ondown>
			<preloaditems>4</preloaditems>
			<scrolltime>150</scrolltime>
			<pagecontrol>78</pagecontrol>
			<include>transition_Container</include>
			<include>infoDialogHide</include>
			<include>toggle_Menu</include>	
			<visible>substring(Container.FolderPath,addons://) + !IsEmpty(Container.FolderPath)</visible>
			<itemlayout height="180" width="180">
				<control type="image">
					<width>176</width>
					<height>176</height>
					<texture fallback="thumbs/addon.png" background="true">$INFO[ListItem.Thumb]</texture>
					<bordertexture border="6" width="200" height="150">frames/frame_Square-small.png</bordertexture>
					<bordersize>6</bordersize>
					<aspectratio>stretch</aspectratio>
					<include>fadeinout</include>
				</control>
			</itemlayout>											
			<focusedlayout height="180" width="180">
				<control type="image">
					<width>176</width>
					<height>176</height>
					<texture fallback="thumbs/addon.png" background="true">$INFO[ListItem.Thumb]</texture>
					<bordertexture border="6" width="200" height="150">frames/frame_Square-small.png</bordertexture>
					<bordersize>6</bordersize>
					<aspectratio>stretch</aspectratio>
					<include>focus_Thumbs</include>
				</control>
			</focusedlayout>
		</control>
	</include>


<!---BIGWIDE------>
	<include name="view_ThumbHigh">
		<control type="panel" id="575">
			<viewtype label="Thumbnails">bigicons</viewtype>
			<posx>55</posx>
			<posy>120</posy>
			<width>1240</width>
			<height>580</height>
			<onleft>6000</onleft>
			<onright>85</onright>
			<onup>575</onup>
			<ondown>575</ondown>
			<preloaditems>4</preloaditems>
			<scrolltime>150</scrolltime>
			<pagecontrol>85</pagecontrol>
			<include>transition_Container</include>
			<include>infoDialogHide</include>
			<include>toggle_Menu</include>
			<visible>Container.Content(episodes) + ![substring(Container.FolderPath,plugin://) | substring(Container.FolderPath,addons://)]</visible>
			<itemlayout height="290" width="400">
				<control type="image">
					<width>355</width>
					<height>208</height>
					<texture border="48">frames/frame_PortraitAlt.png</texture>
					<aspectratio>stretch</aspectratio>
					<include>fadeinout</include>
				</control>
				<control type="image">
					<posx>10</posx>
					<posy>10</posy>
					<width>335</width>
					<height>188</height>
					<texture fallback="thumbs/tvshow_landscape.png" background="true">$INFO[ListItem.Thumb]</texture>
					<aspectratio align="left">stretch</aspectratio> 
				</control>
				<control type="image">
					<posx>313</posx>
					<posy>166</posy>
					<include>watchedOverlay</include>
				</control>
				<control type="label" id="110">
					<posx>10</posx>
					<posy>205</posy>
					<width>335</width>
					<label>$INFO[ListItem.Label]</label>
					<font>smallCaps</font>
					<textcolor>Color1</textcolor>
					<visible>IsEmpty(ListItem.Title)</visible>
				</control>
				<control type="label" id="110">
					<posx>10</posx>
					<posy>205</posy>
					<width>335</width>
					<label>$INFO[ListItem.Title]</label>
					<font>smallCaps</font>
					<textcolor>Color1</textcolor>
					<visible>![stringcompare(container.folderpath,videodb://5/) | substring(container.folderpath,special://profile/playlists/)]</visible>
				</control>
				<control type="label" id="110">
					<posx>10</posx>
					<posy>205</posy>
					<width>335</width>
					<label>$INFO[ListItem.TVShowTitle,,: ]$INFO[ListItem.Title]</label>
					<font>smallCaps</font>
					<textcolor>Color1</textcolor>
					<visible>stringcompare(container.folderpath,videodb://5/) | substring(container.folderpath,special://profile/playlists/)</visible>
				</control>
				<control type="label" id="110">
					<posx>10</posx>
					<posy>225</posy>
					<width>335</width>
					<label>$INFO[ListItem.Season,$LOCALIZE[20373] , - ]$INFO[ListItem.Episode,$LOCALIZE[20359] ]</label>
					<font>smallCaps</font>
					<textcolor>Color2</textcolor>
				</control>
			</itemlayout>											
			<focusedlayout height="290" width="400">
				<control type="image">
					<posx>0</posx>
					<width>355</width>
					<height>208</height>
					<texture border="10">views/list-focus-bigAlt.png</texture>
				</control>
				<control type="image">
					<posx>10</posx>
					<posy>10</posy>
					<width>335</width>
					<height>188</height>
					<texture fallback="thumbs/tvshow_landscape.png" background="true">$INFO[ListItem.Thumb]</texture>
					<aspectratio align="left">stretch</aspectratio> 
				</control>
				<control type="image">
					<posx>313</posx>
					<posy>166</posy>
					<include>watchedOverlay</include>
				</control>
				<control type="label" id="110">
					<posx>10</posx>
					<posy>205</posy>
					<width>335</width>
					<label>$INFO[ListItem.Label]</label>
					<font>smallCaps</font>
					<textcolor>Color1</textcolor>
					<visible>IsEmpty(ListItem.Title)</visible>
				</control>
				<control type="label" id="110">
					<posx>10</posx>
					<posy>205</posy>
					<width>335</width>
					<label>$INFO[ListItem.Title]</label>
					<font>smallCaps</font>
					<textcolor>Color1</textcolor>
					<visible>![stringcompare(container.folderpath,videodb://5/) | substring(container.folderpath,special://profile/playlists/)]</visible>
				</control>
				<control type="label" id="110">
					<posx>10</posx>
					<posy>205</posy>
					<width>335</width>
					<label>$INFO[ListItem.TVShowTitle,,: ]$INFO[ListItem.Title]</label>
					<font>smallCaps</font>
					<textcolor>Color1</textcolor>
					<visible>stringcompare(container.folderpath,videodb://5/) | substring(container.folderpath,special://profile/playlists/)</visible>
				</control>
				<control type="label" id="110">
					<posx>10</posx>
					<posy>225</posy>
					<width>335</width>
					<label>$INFO[ListItem.Season,$LOCALIZE[20373] , - ]$INFO[ListItem.Episode,$LOCALIZE[20359] ]</label>
					<font>smallCaps</font>
					<textcolor>Color2</textcolor>
				</control>
			</focusedlayout>
		</control>
	</include>
	
	
	
	
	<!---SQUARE (ALBUMS)------>
	<include name="view_IconSquare2">
		<control type="panel" id="572">
			<viewtype label="Thumbnails">icons</viewtype>
			<posx>45</posx>
			<posy>95</posy>
			<width>1240</width>
			<height>507</height>
			<onleft>6000</onleft>
			<onright>76</onright>
			<onup>572</onup>
			<ondown>572</ondown>
			<preloaditems>4</preloaditems>
			<scrolltime>150</scrolltime>
			<pagecontrol>76</pagecontrol>
			<include>transition_Container</include>
			<include>infoDialogHide</include>
			<include>toggle_Menu</include>
			<animation effect="slide" end="0,15" condition="Skin.HasSetting(numitems.enable)">Conditional</animation>
			<visible>Container.Content(albums)</visible>
			<itemlayout height="169" width="169">
				<control type="image">
					<width>169</width>
					<height>169</height>
					<texture fallback="thumbs/album.png" background="true">$INFO[ListItem.Thumb]</texture>
					<bordertexture border="6" width="169" height="169">frames/frame_Square-small.png</bordertexture>
					<bordersize>6</bordersize>
					<aspectratio>scale</aspectratio>
				</control>
			</itemlayout>											
			<focusedlayout height="169" width="169">
				<control type="image">
					<width>169</width>
					<height>169</height>
					<texture fallback="thumbs/album.png" background="true">$INFO[ListItem.Thumb]</texture>
					<bordertexture border="6" width="169" height="169">frames/frame_Square-small.png</bordertexture>
					<bordersize>6</bordersize>
					<aspectratio>scale</aspectratio>
					<include>focus_Thumbs</include>
				</control>
			</focusedlayout>
		</control>
	</include>
</includes>