﻿<includes>
	<include name="view_List">
		<control type="list" id="50">
			<viewtype label="535">list</viewtype> 	
			<posy>90</posy>
			<width>625</width>
			<height>608</height>
			<onup>50</onup>
			<ondown>50</ondown>
			<onleft>6000</onleft>
			<onright>70</onright>
			<pagecontrol>70</pagecontrol>
			<preloaditems>4</preloaditems>
			<scrolltime>150</scrolltime>
			<orientation>vertical</orientation>
			<include>transition_Container</include>
			<include>infoDialogHide</include>
			<include>toggle_Menu</include>
			<include condition="Window.IsVisible(videolibrary)">ListVideo</include>
			<include condition="Window.IsVisible(musiclibrary)">ListMusic</include>	
			<include condition="Window.IsVisible(pictures)">ListPictures</include>
			<include condition="Window.IsVisible(addonbrowser) | Window.IsVisible(programs)">ListAddons</include>		
		</control>
	</include>
		
	<include name="ListVideo">
		<itemlayout condition="IsEmpty(Container.FolderPath) | ![stringcompare(Container.FolderPath,addons://sources/video/) | Container.Content(movies) | Container.Content(tvshows) | Container.Content(seasons) | Container.Content(episodes) | Container.Content(musicvideos)]" width="625" height="40">
			<control type="label">
				<posx>40</posx>
				<width>500</width>
				<label>$INFO[ListItem.Label]</label>
				<include>listMenu</include>
			</control>
		</itemlayout>
		<focusedlayout condition="IsEmpty(Container.FolderPath) | ![stringcompare(Container.FolderPath,addons://sources/video/) | Container.Content(movies) | Container.Content(tvshows) | Container.Content(seasons) | Container.Content(episodes) | Container.Content(musicvideos)]" width="625" height="40">
			<control type="image">
				<posy>-28</posy>
				<width>650</width>
				<height>100</height>
				<texture border="0,30,0,30">views/list-focus.png</texture>
				<include>focus_ListScrollAlt</include>
				<visible>!ControlGroup(6000).HasFocus</visible>
			</control>
			<control type="label">
				<posx>40</posx>
				<width>500</width>
				<label>$INFO[ListItem.Label]</label>
				<include>listMenuFocus</include>
			</control>
		</focusedlayout>
		<itemlayout width="625" height="67">
			<control type="label">
				<posx>40</posx>
				<width>440</width>
				<label>$INFO[ListItem.Label]</label>
				<font>listBig</font>
				<include>listMenu</include>
				<visible>!Container.Content(episodes)</visible>
			</control>
			<control type="label">
				<posx>40</posx>
				<posy>28</posy>
				<width>560</width>
				<label>$INFO[ListItem.Artist]</label>
				<font>listInfo</font>
				<textcolor>Color2</textcolor>
				<include>listMenu</include>
			</control>
			<control type="group">
				<visible>Container.Content(movies)</visible>
				<control type="label">
					<posx>40</posx>
					<posy>28</posy>
					<width>560</width>
					<label>$INFO[ListItem.Year]$INFO[ListItem.Genre, • ]</label>
					<font>listInfo</font>
					<textcolor>Color2</textcolor>
					<include>listMenu</include>
					<visible>IsEmpty(ListItem.Property(ReleaseDate))</visible>
				</control>
				<control type="label">
					<posx>40</posx>
					<posy>28</posy>
					<width>560</width>
					<label>$INFO[ListItem.Property(ReleaseDate)]</label>
					<font>listInfo</font>
					<textcolor>Color2</textcolor>
					<include>listMenu</include>
				</control>
			</control>
			<control type="group">
				<visible>Container.Content(tvshows) | Container.Content(seasons)</visible>
				<control type="label">
					<posx>40</posx>
					<posy>28</posy>
					<width>560</width>
					<label>$INFO[ListItem.Property(UnWatchedEpisodes),, $LOCALIZE[16101] $LOCALIZE[20360]]</label>
					<font>listInfo</font>
					<textcolor>Color2</textcolor>
					<include>listMenu</include>
				</control>
			</control>
			<control type="group">
				<visible>Container.Content(episodes)</visible>
				<control type="label">
					<posx>40</posx>
					<width>440</width>
					<label>$INFO[ListItem.Label]</label>
					<font>listBig</font>
					<include>listMenu</include>
					<visible>IsEmpty(ListItem.Title)</visible>
				</control>
				<control type="label">
					<posx>40</posx>
					<width>440</width>
					<label>$INFO[ListItem.Title]</label>
					<font>listBig</font>
					<include>listMenu</include>
					<visible>!stringcompare(Container.FolderPath,videodb://5/)</visible>
				</control>
				<control type="label">
					<posx>40</posx>
					<width>440</width>
					<label>$INFO[ListItem.TVShowTitle]$INFO[ListItem.Title,: ]</label>
					<font>listBig</font>
					<include>listMenu</include>
					<visible>stringcompare(Container.FolderPath,videodb://5/)</visible>
				</control>
				<control type="label">
					<posx>40</posx>
					<posy>28</posy>
					<width>560</width>
					<label>$INFO[ListItem.Season,$LOCALIZE[20373] , - ]$INFO[ListItem.Episode,$LOCALIZE[20359] ]</label>
					<font>listInfo</font>
					<textcolor>Color2</textcolor>
					<include>listMenu</include>
				</control>
			</control>
			<control type="group">
				<visible>stringcompare(Container.FolderPath,addons://sources/video/)</visible>
				<control type="label">
					<posx>40</posx>
					<posy>28</posy>
					<width>560</width>
					<label>$INFO[ListItem.Property(Addon.Summary)]</label>
					<font>listInfo</font>
					<textcolor>Color2</textcolor>
					<include>listMenu</include>
				</control>
			</control>
			<control type="image">
				<posx>475</posx>
				<posy>12</posy>
				<width>128</width>
				<height>22</height>
				<info>ListItem.StarRating</info>
				<colordiffuse>Color7</colordiffuse>
				<aspectratio align="right">keep</aspectratio>
				<animation effect="fade" end="30" time="0" condition="true">Conditional</animation>
				<visible>!SubString(ListItem.Icon,default)</visible>
			</control>
		</itemlayout>
		<focusedlayout width="625" height="67">
			<control type="image">
				<posy>-30</posy>
				<width>650</width>
				<height>128</height>
				<texture border="0,30,0,30">views/list-focus.png</texture>
				<include>focus_ListScroll</include>
				<visible>!ControlGroup(6000).HasFocus</visible>
			</control>
			<control type="label">
				<posx>40</posx>
				<width>440</width>
				<label>$INFO[ListItem.Label]</label>
				<font>listBig</font>
				<include>listMenuFocus</include>
				<visible>!Container.Content(episodes)</visible>
			</control>
			<control type="label">
				<posx>40</posx>
				<posy>28</posy>
				<width>560</width>
				<label>$INFO[ListItem.Artist]</label>
				<font>listInfo</font>
				<include>listMenuFocus</include>
			</control>
			<control type="group">
				<visible>Container.Content(movies)</visible>
				<control type="label">
					<posx>40</posx>
					<posy>28</posy>
					<width>560</width>
					<label>$INFO[ListItem.Year]$INFO[ListItem.Genre, • ]</label>
					<font>listInfo</font>
					<include>listMenuFocus</include>
					<visible>IsEmpty(ListItem.Property(ReleaseDate))</visible>
				</control>
				<control type="label">
					<posx>40</posx>
					<posy>28</posy>
					<width>560</width>
					<label>$INFO[ListItem.Property(ReleaseDate)]</label>
					<font>listInfo</font>
					<include>listMenuFocus</include>
				</control>
			</control>
			<control type="group">
				<visible>Container.Content(tvshows) | Container.Content(seasons)</visible>
				<control type="label">
					<posx>40</posx>
					<posy>28</posy>
					<width>560</width>
					<label>$INFO[ListItem.Property(UnWatchedEpisodes),, $LOCALIZE[16101] $LOCALIZE[20360]]</label>
					<font>listInfo</font>
					<include>listMenuFocus</include>
				</control>
			</control>
			<control type="group">
				<visible>Container.Content(episodes)</visible>
				<control type="label">
					<posx>40</posx>
					<width>440</width>
					<label>$INFO[ListItem.Title]</label>
					<font>listBig</font>
					<include>listMenuFocus</include>
					<visible>!stringcompare(Container.FolderPath,videodb://5/)</visible>
				</control>
				<control type="label">
					<posx>40</posx>
					<width>440</width>
					<label>$INFO[ListItem.TVShowTitle]$INFO[ListItem.Title,: ]</label>
					<font>listBig</font>
					<include>listMenuFocus</include>
					<visible>stringcompare(Container.FolderPath,videodb://5/)</visible>
				</control>
				<control type="label">
					<posx>40</posx>
					<posy>28</posy>
					<width>560</width>
					<label>$INFO[ListItem.Season,$LOCALIZE[20373] , - ]$INFO[ListItem.Episode,$LOCALIZE[20359] ]</label>
					<font>listInfo</font>
					<include>listMenuFocus</include>
				</control>
			</control>
			<control type="group">
				<visible>stringcompare(Container.FolderPath,addons://sources/video/)</visible>
				<control type="label">
					<posx>40</posx>
					<posy>28</posy>
					<width>560</width>
					<label>$INFO[ListItem.Property(Addon.Summary)]</label>
					<font>listInfo</font>
					<include>listMenuFocus</include>
				</control>
			</control>
			<control type="image">
				<posx>475</posx>
				<posy>12</posy>
				<width>128</width>
				<height>22</height>
				<info>ListItem.StarRating</info>
				<colordiffuse>Color7</colordiffuse>
				<aspectratio align="right">keep</aspectratio>
				<visible>!substring(ListItem.Icon,default)</visible>
			</control>
		</focusedlayout>
	</include>

<!---MUSIC------>
	<include name="ListMusic">
		<itemlayout condition="IsEmpty(Container.FolderPath) | ![stringcompare(Container.FolderPath,addons://sources/music/) | Container.Content(artists) | Container.Content(albums) | Container.Content(songs)]" width="625" height="40">
			<control type="label">
				<posx>40</posx>
				<width>500</width>
				<label>$INFO[ListItem.Label]</label>
				<include>listMenu</include>
			</control>
			<control type="label">
				<posx>600</posx>
				<width>500</width>
				<label>$INFO[ListItem.Date]</label>
				<align>right</align>
				<textcolor>Color2</textcolor>
				<include>listMenu</include>
				<visible>Window.IsActive(videofiles)</visible>
			</control>
		</itemlayout>
		<focusedlayout condition="IsEmpty(Container.FolderPath) | ![stringcompare(Container.FolderPath,addons://sources/music/) | Container.Content(artists) | Container.Content(albums) | Container.Content(songs)]" width="625" height="40">
			<control type="image">
				<posy>-28</posy>
				<width>650</width>
				<height>100</height>
				<texture border="0,30,0,30">views/list-focus.png</texture>
				<include>focus_ListScrollAlt</include>
				<visible>!ControlGroup(6000).HasFocus</visible>
			</control>
			<control type="label">
				<posx>40</posx>
				<width>500</width>
				<label>$INFO[ListItem.Label]</label>
				<include>listMenuFocus</include>
			</control>
			<control type="label">
				<posx>600</posx>
				<width>500</width>
				<label>$INFO[ListItem.Date]</label>
				<align>right</align>
				<include>listMenuFocus</include>
			</control>
		</focusedlayout>
		<itemlayout width="625" height="67">
			<control type="label">
				<posx>40</posx>
				<width>440</width>
				<label>$INFO[ListItem.Label]</label>
				<font>listBig</font>
				<include>listMenu</include>
				<visible>!Container.Content(songs) | IsEmpty(ListItem.Title)</visible>
			</control>
			<control type="label">
				<posx>40</posx>
				<width>440</width>
				<label>$INFO[ListItem.Title]</label>
				<font>listBig</font>
				<include>listMenu</include>
				<visible>Container.Content(songs)</visible>
			</control>
			<control type="label">
				<posx>40</posx>
				<posy>28</posy>
				<width>560</width>
				<label>$INFO[ListItem.Property(Artist_Genre)]</label>
				<font>listInfo</font>
				<textcolor>Color2</textcolor>
				<include>listMenu</include>
				<visible>Container.Content(artists)</visible>
			</control>
			<control type="label">
				<posx>40</posx>
				<posy>28</posy>
				<width>560</width>
				<label>$INFO[ListItem.Artist]$INFO[ListItem.Year, • ]$INFO[ListItem.Genre, • ]</label>
				<font>listInfo</font>
				<textcolor>Color2</textcolor>
				<include>listMenu</include>
				<visible>Container.Content(albums)</visible>
			</control>
			<control type="label">
				<posx>40</posx>
				<posy>28</posy>
				<width>560</width>
				<label>$INFO[ListItem.Artist]$INFO[ListItem.Album, • ]$INFO[ListItem.TrackNumber, • $LOCALIZE[554] ]</label>
				<font>listInfo</font>
				<textcolor>Color2</textcolor>
				<include>listMenu</include>
				<visible>Container.Content(songs)</visible>
			</control>
			<control type="group">
				<visible>stringcompare(Container.FolderPath,addons://sources/music/)</visible>
				<control type="label">
					<posx>40</posx>
					<width>440</width>
					<label>$INFO[ListItem.Label]</label>
					<font>listBig</font>
					<include>listMenu</include>
				</control>
				<control type="label">
					<posx>40</posx>
					<posy>28</posy>
					<width>560</width>
					<label>$INFO[ListItem.Property(Addon.Summary)]</label>
					<font>listInfo</font>
					<textcolor>Color2</textcolor>
					<include>listMenu</include>
				</control>
			</control>
			<control type="image">
				<posx>475</posx>
				<posy>12</posy>
				<width>128</width>
				<height>22</height>
				<info>ListItem.StarRating</info>
				<colordiffuse>Color7</colordiffuse>
				<aspectratio align="right">keep</aspectratio>
				<animation effect="fade" end="30" time="0" condition="true">Conditional</animation>
				<visible>![IsEmpty(ListItem.Title) + IsEmpty(ListItem.Artist)]</visible>
			</control>
		</itemlayout>
		<focusedlayout width="625" height="67">
			<control type="image">
				<posy>-30</posy>
				<width>650</width>
				<height>128</height>
				<texture border="0,30,0,30">views/list-focus.png</texture>
				<include>focus_ListScroll</include>
				<visible>!ControlGroup(6000).HasFocus</visible>
			</control>
			<control type="label">
				<posx>40</posx>
				<width>440</width>
				<label>$INFO[ListItem.Label]</label>
				<font>listBig</font>
				<include>listMenuFocus</include>
				<visible>!Container.Content(songs) | IsEmpty(ListItem.Title)</visible>
			</control>
			<control type="label">
				<posx>40</posx>
				<width>440</width>
				<label>$INFO[ListItem.Title]</label>
				<font>listBig</font>
				<include>listMenuFocus</include>
				<visible>Container.Content(songs)</visible>
			</control>
			<control type="label">
				<posx>40</posx>
				<posy>28</posy>
				<width>560</width>
				<label>$INFO[ListItem.Property(Artist_Genre)]</label>
				<font>listInfo</font>
				<include>listMenuFocus</include>
				<visible>Container.Content(artists)</visible>
			</control>
			<control type="label">
				<posx>40</posx>
				<posy>28</posy>
				<width>560</width>
				<label>$INFO[ListItem.Artist]$INFO[ListItem.Year, • ]$INFO[ListItem.Genre, • ]</label>
				<font>listInfo</font>
				<include>listMenuFocus</include>
				<visible>Container.Content(albums)</visible>
			</control>
			<control type="label">
				<posx>40</posx>
				<posy>28</posy>
				<width>560</width>
				<label>$INFO[ListItem.Artist]$INFO[ListItem.Album, • ]$INFO[ListItem.TrackNumber, • $LOCALIZE[554] ]</label>
				<font>listInfo</font>
				<include>listMenuFocus</include>
				<visible>Container.Content(songs)</visible>
			</control>
			<control type="group">
				<visible>stringcompare(Container.FolderPath,addons://sources/music/)</visible>
				<control type="label">
					<posx>40</posx>
					<width>440</width>
					<label>$INFO[ListItem.Label]</label>
					<font>listBig</font>
					<include>listMenuFocus</include>
				</control>
				<control type="label">
					<posx>40</posx>
					<posy>28</posy>
					<width>560</width>
					<label>$INFO[ListItem.Property(Addon.Summary)]</label>
					<font>listInfo</font>
					<include>listMenuFocus</include>
				</control>
			</control>
			<control type="image">
				<posx>475</posx>
				<posy>12</posy>
				<width>128</width>
				<height>22</height>
				<info>ListItem.StarRating</info>
				<colordiffuse>Color7</colordiffuse>
				<aspectratio align="right">keep</aspectratio>
				<visible>![IsEmpty(ListItem.Title) + IsEmpty(ListItem.Artist)]</visible>
			</control>
		</focusedlayout>
	</include>
	
	<include name="ListPictures">
		<itemlayout condition="!Container.HasFiles" width="625" height="40">
			<control type="label">
				<posx>40</posx>
				<width>500</width>
				<label>$INFO[ListItem.Label]</label>
				<include>listMenu</include>
			</control>
		</itemlayout>
		<focusedlayout condition="!Container.HasFiles" width="625" height="40">
			<control type="image">
				<posy>-28</posy>
				<width>650</width>
				<height>100</height>
				<texture border="0,30,0,30">views/list-focus.png</texture>
				<include>focus_ListScrollAlt</include>
				<visible>!ControlGroup(6000).HasFocus</visible>
			</control>
			<control type="label">
				<posx>40</posx>
				<width>500</width>
				<label>$INFO[ListItem.Label]</label>
				<include>listMenuFocus</include>
			</control>
		</focusedlayout>
	</include>
	
	<include name="ListAddons">
		<itemlayout condition="!Container.HasFiles" width="625" height="40">
			<control type="label">
				<posx>40</posx>
				<width>500</width>
				<label>$INFO[ListItem.Label]</label>
				<include>listMenu</include>
			</control>
		</itemlayout>
		<focusedlayout condition="!Container.HasFiles" width="625" height="40">
			<control type="image">
				<posy>-28</posy>
				<width>650</width>
				<height>100</height>
				<texture border="0,30,0,30">views/list-focus.png</texture>
				<include>focus_ListScrollAlt</include>
				<visible>!ControlGroup(6000).HasFocus</visible>
			</control>
			<control type="label">
				<posx>40</posx>
				<width>500</width>
				<label>$INFO[ListItem.Label]</label>
				<include>listMenuFocus</include>
			</control>
		</focusedlayout>
		
		<itemlayout condition="Container.HasFiles" width="625" height="67">
			<control type="label">
				<posx>40</posx>
				<width>500</width>
				<label>$INFO[ListItem.Label]</label>
				<font>listBig</font>
				<include>listMenu</include>
			</control>
			<control type="label">
				<posx>40</posx>
				<posy>28</posy>
				<width>560</width>
				<label>$INFO[ListItem.Property(Addon.Summary)]</label>
				<font>listInfo</font>
				<textcolor>Color2</textcolor>
				<include>listMenu</include>
			</control>
		</itemlayout>
		<focusedlayout condition="Container.HasFiles" width="625" height="67">
			<control type="image">
				<posy>-30</posy>
				<width>650</width>
				<height>128</height>
				<texture border="0,30,0,30">views/list-focus.png</texture>
				<include>focus_ListScroll</include>
				<visible>!ControlGroup(6000).HasFocus</visible>
			</control>
			<control type="label">
				<posx>40</posx>
				<width>500</width>
				<font>listBig</font>
				<label>$INFO[ListItem.Label]</label>
				<include>listMenuFocus</include>
			</control>
			<control type="label">
				<posx>40</posx>
				<posy>28</posy>
				<width>560</width>
				<label>$INFO[ListItem.Property(Addon.Summary)]</label>
				<font>listInfo</font>
				<include>listMenuFocus</include>
			</control>
		</focusedlayout>
	</include>


<!--- BIG LIST ---------->
	<include name="view_BigList">
		<control type="fixedlist" id="51">
			<viewtype label="537">biglist</viewtype> 
			<posx>30</posx>
			<posy>88</posy>
			<width>1400</width>
			<height>598</height>
			<onleft>6000</onleft>
			<onright>71</onright>
			<onup>51</onup>
			<ondown>51</ondown>
			<scrolltime>150</scrolltime>
			<preloaditems>4</preloaditems>
			<pagecontrol>71</pagecontrol>
			<orientation>vertical</orientation>
			<focusposition>1</focusposition>
			<include>transition_Container</include>
			<include>infoDialogHide</include>
			<include>toggle_Menu</include>
			<animation effect="slide" start="0,0" end="0,8" time="0" condition="Skin.HasSetting(numitems.enable)">Conditional</animation>
			<visible>![Container.Content(musicvideos) | Container.Content(files) | substring(container.folderpath,plugin://) | substring(container.folderpath,addons://)]</visible>

			<itemlayout condition="Container.Content(episodes) | [!Skin.HasSetting(biglist.posters) + [Container.Content(tvshows) | Container.Content(movies)]]"width="625" height="150">
				<control type="image">
					<width>247</width>
					<height>144</height>
					<texture fallback="thumbs/movie_landscape.png" background="true">$INFO[ListItem.Property(Fanart_Image)]</texture>
					<bordertexture border="6" width="384" height="384">frames/frame_Square-small.png</bordertexture>
					<bordersize>6</bordersize>
					<aspectratio>stretch</aspectratio>
					<visible>Container.Content(movies)</visible>
				</control>
				<control type="image">
					<width>247</width>
					<height>144</height>
					<texture fallback="thumbs/tvshow_landscape.png" background="true">$INFO[ListItem.Property(Fanart_Image)]</texture>
					<bordertexture border="6" width="384" height="384">frames/frame_Square-small.png</bordertexture>
					<bordersize>6</bordersize>
					<aspectratio>stretch</aspectratio>
					<visible>Container.Content(tvshows)</visible>
				</control>
				<control type="image">
					<width>247</width>
					<height>144</height>
					<texture fallback="thumbs/tvshow_landscape.png" background="true">$INFO[ListItem.Thumb]</texture>
					<bordertexture border="6" width="384" height="384">frames/frame_Square-small.png</bordertexture>
					<bordersize>6</bordersize>
					<aspectratio>scale</aspectratio>
					<visible>Container.Content(episodes)</visible>
				</control>
	
				<control type="label" id="1">
					<posx>260</posx>
					<posy>12</posy>
					<width>770</width>
					<label>$INFO[ListItem.Label]</label>
					<font>listBig</font>
					<textcolor>Color1</textcolor>
					<visible>!Container.Content(episodes)</visible>
				</control>
				<control type="label" id="1">
					<posx>260</posx>
					<posy>40</posy>
					<width>770</width>
					<label>$INFO[ListItem.Year,, • ]$INFO[ListItem.Duration,, ]$LOCALIZE[31100]$INFO[ListItem.Genre, • ]</label>
					<font>smallCaps</font>
					<textcolor>Color2</textcolor>
					<visible>Container.Content(movies) + !IsEmpty(ListItem.Title)</visible>
				</control>
				<control type="group">
					<posx>260</posx>
					<posy>40</posy>
					<visible>Container.Content(tvshows) + !IsEmpty(ListItem.TVShowTitle)</visible>
					<control type="label" id="1">
						<width>770</width>
						<label>$INFO[ListItem.Property(UnWatchedEpisodes),, $LOCALIZE[16101] $LOCALIZE[20360]]$INFO[ListItem.Property(TotalSeasons), • ] $LOCALIZE[33054]</label>
						<font>smallCaps</font>
						<textcolor>Color2</textcolor>
						<visible>IntegerGreaterThan(ListItem.Property(TotalEpisodes),1)</visible>
					</control>
					<control type="label" id="1">
						<width>770</width>
						<label>$INFO[ListItem.Property(UnWatchedEpisodes),, $LOCALIZE[16101] $LOCALIZE[20360]]$INFO[ListItem.Property(TotalSeasons), • ] $LOCALIZE[20373]</label>
						<font>smallCaps</font>
						<textcolor>Color2</textcolor>
						<visible>!IntegerGreaterThan(ListItem.Property(TotalEpisodes),1)</visible>
					</control>
				</control>
				<control type="group">
					<posx>260</posx>
					<posy>12</posy>
					<visible>Container.Content(episodes) + !IsEmpty(ListItem.Title)</visible>
					<control type="label" id="1">
						<width>770</width>
						<label>$INFO[ListItem.Title]</label>
						<font>listBig</font>
						<textcolor>Color1</textcolor>
						<visible></visible>
						<visible>![stringcompare(container.folderpath,videodb://5/) | substring(Container.FolderPath,special://profile/playlists/video/)]</visible>
					</control>
					<control type="label" id="1">
						<width>770</width>
						<label>$INFO[ListItem.TVShowTitle,,: ]$INFO[ListItem.Title]</label>
						<font>listBig</font>
						<textcolor>Color1</textcolor>
						<visible>stringcompare(container.folderpath,videodb://5/) | substring(Container.FolderPath,special://profile/playlists/video/)</visible>
					</control>
					<control type="label" id="1">
						<posx>270</posx>
						<posy>28</posy>
						<width>770</width>
						<label>$INFO[ListItem.Season,$LOCALIZE[20373] , - ]$INFO[ListItem.Episode,$LOCALIZE[20359] ]$INFO[ListItem.Premiered, • ]</label>
						<font>smallCaps</font>
						<textcolor>Color2</textcolor>
					</control>
				</control>
				<control type="textbox" id="4">
					<posx>260</posx>
					<posy>65</posy>
					<width>930</width>
					<height>60</height>
					<label>$INFO[ListItem.Plot]</label>
					<autoscroll delay="300000" time="1000">!Control.HasFocus(13)</autoscroll>
					<font>descriptionSmall</font>
				</control>
				<control type="image">
					<posx>209</posx>
					<posy>106</posy>
					<width>32</width>
					<height>32</height>
					<include>watchedOverlay</include>
				</control>
				<control type="image">
					<posx>1060</posx>
					<posy>35</posy>
					<width>128</width>
					<height>32</height>
					<info>ListItem.StarRating</info>
					<aspectratio align="right">keep</aspectratio>
					<visible>!IsEmpty(ListItem.Title)</visible>
				</control>
				<control type="image">
					<posx>1155</posx>
					<posy>8</posy>
					<width>32</width>
					<height>32</height>
					<texture>$INFO[ListItem.VideoResolution,flags/hd/,.png]</texture>
					<aspectratio align="right">keep</aspectratio>
				</control>
			</itemlayout>
			<focusedlayout condition="Container.Content(episodes) | [!Skin.HasSetting(biglist.posters) + [Container.Content(tvshows) | Container.Content(movies)]]" width="625" height="150">
				<control type="image">
					<width>247</width>
					<height>144</height>
					<texture fallback="thumbs/movie_landscape.png" background="true">$INFO[ListItem.Property(Fanart_Image)]</texture>
					<bordersize>6</bordersize>
					<aspectratio>scale</aspectratio>
					<visible>Container.Content(movies)</visible>
				</control>
				<control type="image">
					<width>247</width>
					<height>144</height>
					<texture fallback="thumbs/tvshow_landscape.png" background="true">$INFO[ListItem.Property(Fanart_Image)]</texture>
					<bordersize>6</bordersize>
					<aspectratio>scale</aspectratio>
					<visible>Container.Content(tvshows)</visible>
				</control>
				<control type="image">
					<width>247</width>
					<height>144</height>
					<texture fallback="thumbs/tvshow_landscape.png" background="true">$INFO[ListItem.Thumb]</texture>
					<bordersize>6</bordersize>
					<aspectratio>scale</aspectratio>
					<visible>Container.Content(episodes)</visible>
				</control>
				<control type="label" id="1">
					<posx>260</posx>
					<posy>12</posy>
					<width>770</width>
					<label>$INFO[ListItem.Label]</label>
					<font>listBig</font>
					<textcolor>Focused</textcolor>
					<visible>!Container.Content(episodes)</visible>
				</control>
				<control type="label" id="1">
					<posx>260</posx>
					<posy>40</posy>
					<width>770</width>
					<label>$INFO[ListItem.Year,, • ]$INFO[ListItem.Duration,, ]$LOCALIZE[31100]$INFO[ListItem.Genre, • ]</label>
					<font>smallCaps</font>
					<textcolor>Focused</textcolor>
					<visible>Container.Content(movies) + !IsEmpty(ListItem.Title)</visible>
				</control>
				<control type="group">
					<posx>260</posx>
					<posy>40</posy>
					<visible>Container.Content(tvshows) + !IsEmpty(ListItem.TVShowTitle)</visible>
					<control type="label" id="1">
						<width>770</width>
						<label>$INFO[ListItem.Property(UnWatchedEpisodes),, $LOCALIZE[16101] $LOCALIZE[20360]]$INFO[ListItem.Property(TotalSeasons), • ] $LOCALIZE[33054]</label>
						<font>smallCaps</font>
						<textcolor>Focused</textcolor>
						<visible>IntegerGreaterThan(ListItem.Property(TotalEpisodes),1)</visible>
					</control>
					<control type="label" id="1">
						<width>770</width>
						<label>$INFO[ListItem.Property(UnWatchedEpisodes),, $LOCALIZE[16101] $LOCALIZE[20360]]$INFO[ListItem.Property(TotalSeasons), • ] $LOCALIZE[20373]</label>
						<font>smallCaps</font>
						<textcolor>Focused</textcolor>
						<visible>!IntegerGreaterThan(ListItem.Property(TotalEpisodes),1)</visible>
					</control>
				</control>
				<control type="group">
					<posx>260</posx>
					<posy>12</posy>
					<visible>Container.Content(episodes) + !IsEmpty(ListItem.Title)</visible>
					<control type="label" id="1">
						<width>770</width>
						<label>$INFO[ListItem.Title]</label>
						<font>listBig</font>
						<textcolor>Focused</textcolor>
						<visible></visible>
						<visible>![stringcompare(container.folderpath,videodb://5/) | substring(Container.FolderPath,special://profile/playlists/video/)]</visible>
					</control>
					<control type="label" id="1">
						<width>770</width>
						<label>$INFO[ListItem.TVShowTitle,,: ]$INFO[ListItem.Title]</label>
						<font>listBig</font>
						<textcolor>Focused</textcolor>
						<visible>stringcompare(container.folderpath,videodb://5/) | substring(Container.FolderPath,special://profile/playlists/video/)</visible>
					</control>
					<control type="label" id="1">
						<posy>28</posy>
						<width>770</width>
						<label>$INFO[ListItem.Season,$LOCALIZE[20373] , - ]$INFO[ListItem.Episode,$LOCALIZE[20359] ]$INFO[ListItem.Premiered, • ]</label>
						<font>smallCaps</font>
						<textcolor>Focused</textcolor>
					</control>
				</control>
				<control type="textbox" id="4">
					<posx>260</posx>
					<posy>65</posy>
					<width>930</width>
					<height>60</height>
					<label>$INFO[ListItem.Plot]</label>
					<autoscroll delay="300000" time="1000">!Control.HasFocus(13)</autoscroll>
					<font>descriptionSmall</font>
					<textcolor>Focused</textcolor>
				</control>
				<control type="image">
					<posx>209</posx>
					<posy>106</posy>
					<width>32</width>
					<height>32</height>
					<include>watchedOverlay</include>
				</control>
				<control type="image">
					<posx>1060</posx>
					<posy>35</posy>
					<width>128</width>
					<height>32</height>
					<info>ListItem.StarRating</info>
					<aspectratio align="right">keep</aspectratio>
					<visible>!IsEmpty(ListItem.Title)</visible>
				</control>
				<control type="image">
					<posx>1155</posx>
					<posy>10</posy>
					<width>32</width>
					<height>32</height>
					<texture>$INFO[ListItem.VideoResolution,flags/hd/mono/,.png]</texture>
					<aspectratio align="right">keep</aspectratio>
					<colordiffuse>Color4</colordiffuse>
				</control>
			</focusedlayout>
	
	
			<itemlayout condition="Skin.HasSetting(biglist.posters) + [Container.Content(tvshows) | Container.Content(movies)]"width="625" height="150">
				<control type="image">
					<width>100</width>
					<height>144</height>
					<texture fallback="thumbs/movie_portrait" background="true">$INFO[ListItem.Thumb]</texture>
					<bordertexture border="6" width="384" height="384">frames/frame_Square-small.png</bordertexture>
					<bordersize>6</bordersize>
					<aspectratio>scale</aspectratio>
					<visible>Container.Content(movies)</visible>
				</control>
				<control type="image">
					<width>100</width>
					<height>144</height>
					<texture fallback="thumbs/tvshow_portrait.png" background="true">$INFO[ListItem.Thumb]</texture>
					<bordertexture border="6" width="384" height="384">frames/frame_Square-small.png</bordertexture>
					<bordersize>6</bordersize>
					<aspectratio>scale</aspectratio>
					<visible>Container.Content(tvshows)</visible>
				</control>
				<control type="label" id="1">
					<posx>120</posx>
					<posy>12</posy>
					<width>770</width>
					<label>$INFO[ListItem.Label]</label>
					<font>listBig</font>
					<textcolor>Color1</textcolor>
				</control>
				<control type="group">
					<visible>!IsEmpty(ListItem.Title)</visible>
					<control type="label" id="1">
						<posx>120</posx>
						<posy>40</posy>
						<width>900</width>
						<label>$INFO[ListItem.Year,, • ]$INFO[ListItem.Duration,, ]$LOCALIZE[31100]$INFO[ListItem.Genre, • ]</label>
						<font>smallCaps</font>
						<textcolor>Color2</textcolor>
						<visible>Container.Content(movies)</visible>
					</control>
					<control type="label" id="1">
						<posx>120</posx>
						<posy>40</posy>
						<width>975</width>
						<label>$INFO[ListItem.Property(UnWatchedEpisodes),, $LOCALIZE[16101] $LOCALIZE[20360]]</label>
						<font>smallCaps</font>
						<textcolor>Color2</textcolor>
						<visible>Container.Content(tvshows)</visible>
					</control>
				</control>
				<control type="textbox" id="4">
					<posx>120</posx>
					<posy>65</posy>
					<width>1070</width>
					<height>60</height>
					<label>$INFO[ListItem.Plot]</label>
					<autoscroll delay="300000" time="1000">!Control.HasFocus(13)</autoscroll>
					<font>descriptionSmall</font>
				</control>
				<control type="image">
					<posx>62</posx>
					<posy>106</posy>
					<include>watchedOverlay</include>
				</control>
				<control type="image">
					<posx>1060</posx>
					<posy>35</posy>
					<width>128</width>
					<height>32</height>
					<info>ListItem.StarRating</info>
					<aspectratio align="right">keep</aspectratio>
					<visible>!IsEmpty(ListItem.Title)</visible>
				</control>
				<control type="image">
					<posx>1155</posx>
					<posy>10</posy>
					<width>32</width>
					<height>32</height>
					<texture>$INFO[ListItem.VideoResolution,flags/hd/,.png]</texture>
					<aspectratio align="right">keep</aspectratio>
				</control>
			</itemlayout>
			<focusedlayout condition="Container.Content(episodes) | [Skin.HasSetting(biglist.posters) + [Container.Content(tvshows) | Container.Content(movies)]]" width="625" height="150">
				<control type="image">
					<width>100</width>
					<height>144</height>
					<texture fallback="thumbs/movie_portrait.png" background="true">$INFO[ListItem.Thumb]</texture>
					<bordersize>6</bordersize>
					<aspectratio>scale</aspectratio>
					<visible>Container.Content(movies)</visible>
				</control>
				<control type="image">
					<width>100</width>
					<height>144</height>
					<texture fallback="thumbs/tvshow_portrait.png" background="true">$INFO[ListItem.Thumb]</texture>
					<bordersize>6</bordersize>
					<aspectratio>scale</aspectratio>
					<visible>Container.Content(tvshows)</visible>
				</control>
				<control type="label" id="1">
					<posx>120</posx>
					<posy>12</posy>
					<width>770</width>
					<label>$INFO[ListItem.Label]</label>
					<font>listBig</font>
					<textcolor>Focused</textcolor>
				</control>
				<control type="group">
					<visible>!IsEmpty(ListItem.Title)</visible>
					<control type="label" id="1">
						<posx>120</posx>
						<posy>40</posy>
						<width>900</width>
						<label>$INFO[ListItem.Year,, • ]$INFO[ListItem.Duration,, ]$LOCALIZE[31100]$INFO[ListItem.Genre, • ]</label>
						<font>smallCaps</font>
						<textcolor>Focused</textcolor>
						<visible>Container.Content(movies)</visible>
					</control>
					<control type="label" id="1">
						<posx>120</posx>
						<posy>40</posy>
						<width>975</width>
						<label>$INFO[ListItem.Property(UnWatchedEpisodes),, $LOCALIZE[16101] $LOCALIZE[20360]]</label>
						<font>smallCaps</font>
						<textcolor>Focused</textcolor>
						<visible>Container.Content(tvshows)</visible>
					</control>
				</control>
				<control type="textbox" id="4">
					<posx>120</posx>
					<posy>65</posy>
					<width>1070</width>
					<height>60</height>
					<label>$INFO[ListItem.Plot]</label>
					<autoscroll delay="300000" time="1000">!Control.HasFocus(13)</autoscroll>
					<font>descriptionSmall</font>
					<textcolor>Focused</textcolor>
				</control>
				<control type="image">
					<posx>62</posx>
					<posy>106</posy>
					<include>watchedOverlay</include>
				</control>
				<control type="image">
					<posx>1060</posx>
					<posy>35</posy>
					<width>128</width>
					<height>32</height>
					<info>ListItem.StarRating</info>
					<aspectratio align="right">keep</aspectratio>
					<visible>!IsEmpty(ListItem.Title)</visible>
				</control>
				<control type="image">
					<posx>1155</posx>
					<posy>10</posy>
					<width>32</width>
					<height>32</height>
					<texture>$INFO[ListItem.VideoResolution,flags/hd/mono/,.png]</texture>
					<colordiffuse>Color4</colordiffuse>
					<aspectratio align="right">keep</aspectratio>
				</control>
			</focusedlayout>
		</control>
	</include>
</includes>